dataset,policy,stage1_tp,stage1_fp,stage1_tn,stage1_fn,stage1_n,stage1_accuracy,stage1_precision,stage1_recall,stage1_f1,final_tp,final_fp,final_tn,final_fn,final_n,final_accuracy,final_precision,final_recall,final_f1,accuracy_ci_low,accuracy_ci_high,precision_ci_low,precision_ci_high,recall_ci_low,recall_ci_high,f1_ci_low,f1_ci_high,routed_factoids,total_factoids,factoid_escalation_rate,routed_responses,total_responses,response_escalation_rate,rescued,harmed,routed_stage1_errors,net_correct_gain,rescue_rate_response,error_conditional_rescue_rate,harm_rate_response,rescue_rate_all_responses,harm_rate_all_responses,latency_mean_s,latency_median_s,latency_p95_s,cloud_tokens_mean,cloud_calls_mean,local_calls_mean,local_tokens_mean,total_tokens_mean,cloud_latency_mean_s,local_wall_latency_mean_s,local_gpu_duration_mean_s,local_load_duration_mean_s,routing_latency_mean_s,cloud_charge_available,cloud_charge_total
ASQA-top5-76,anomaly_count,59,7,69,17,152,0.8421052631578947,0.8939393939393939,0.7763157894736842,0.8309859154929577,73,5,71,3,152,0.9473684210526315,0.9358974358974359,0.9605263157894737,0.948051948051948,0.9144736842105263,0.9802631578947368,0.8823529411764706,0.9863013698630136,0.9078947368421053,1.0,0.913907284768212,0.9803921568627451,178,801,0.2222222222222222,95,152,0.625,19,3,23,16,0.2,0.8260869565217391,0.031578947368421054,0.125,0.019736842105263157,25.29492638355556,22.65362399833227,59.80413207849939,9397.256578947368,17.42763157894737,26.348684210526315,27551.17105263158,36948.42763157895,15.670007807250123,9.624911728936958,9.322150684210525,0.05239210460526316,6.847368479755364e-06,False,
ASQA-top5-76,full_escalation,59,7,69,17,152,0.8421052631578947,0.8939393939393939,0.7763157894736842,0.8309859154929577,75,7,69,1,152,0.9473684210526315,0.9146341463414634,0.9868421052631579,0.949367088607595,0.9144736842105263,0.9802631578947368,0.8620689655172413,0.9620253164556962,0.9605263157894737,1.0,0.9182389937106917,0.9803984819734345,801,801,1.0,152,152,1.0,22,6,24,16,0.14473684210526316,0.9166666666666666,0.039473684210526314,0.14473684210526316,0.039473684210526314,42.69492939868206,38.85065033310587,90.45346476354842,29726.66447368421,37.921052631578945,26.348684210526315,27551.17105263158,57277.83552631579,33.07001115263924,9.624911728936958,9.322150684210525,0.05239210460526316,6.517105870635102e-06,False,
ASQA-top5-76,learned_router_matched_rate,59,7,69,17,152,0.8421052631578947,0.8939393939393939,0.7763157894736842,0.8309859154929577,74,5,71,2,152,0.9539473684210527,0.9367088607594937,0.9736842105263158,0.9548387096774194,0.9210526315789473,0.9802631578947368,0.8836867305061559,0.9866666666666667,0.9342105263157895,1.0,0.9230769230769231,0.9806451612903226,316,801,0.3945068664169788,124,152,0.8157894736842105,21,4,24,17,0.1693548387096774,0.875,0.03225806451612903,0.13815789473684212,0.02631578947368421,29.1395656651324,25.768705849710386,71.03633296471668,13893.763157894737,21.967105263157894,26.348684210526315,27551.17105263158,41444.93421052631,19.514653936195444,9.624911728936958,9.322150684210525,0.05239210460526316,0.0,False,
ASQA-top5-76,no_escalation,59,7,69,17,152,0.8421052631578947,0.8939393939393939,0.7763157894736842,0.8309859154929577,59,7,69,17,152,0.8421052631578947,0.8939393939393939,0.7763157894736842,0.8309859154929577,0.7894736842105263,0.8947368421052632,0.8285714285714286,0.9552403424056188,0.6842105263157895,0.868421052631579,0.7659574468085107,0.8918918918918918,0,801,0.0,0,152,0.0,0,0,0,0,,,,0.0,0.0,20.275112517115257,18.253260884754017,42.82309626217814,3580.967105263158,11.572368421052632,26.348684210526315,27551.17105263158,31132.138157894737,10.650194744100046,9.624911728936958,9.322150684210525,0.05239210460526316,6.044078250660708e-06,False,
ASQA-top5-76,oracle_minimal_rescue,59,7,69,17,152,0.8421052631578947,0.8939393939393939,0.7763157894736842,0.8309859154929577,76,2,74,0,152,0.9868421052631579,0.9743589743589743,1.0,0.9870129870129869,0.9671052631578947,1.0,0.9382716049382716,1.0,1.0,1.0,0.9681528662420382,1.0,24,801,0.0299625468164794,22,152,0.14473684210526316,22,0,22,22,1.0,1.0,0.0,0.14473684210526316,0.0,20.96895163882781,18.673134950047825,43.19065929010391,4379.2171052631575,12.361842105263158,26.348684210526315,27551.17105263158,31930.388157894737,11.344039909890853,9.624911728936958,9.322150684210525,0.05239210460526316,0.0,False,
ASQA-top5-76,paradox_only,59,7,69,17,152,0.8421052631578947,0.8939393939393939,0.7763157894736842,0.8309859154929577,72,5,71,4,152,0.9407894736842105,0.935064935064935,0.9473684210526315,0.9411764705882352,0.9013157894736842,0.9736842105263158,0.8846153846153846,0.9863013698630136,0.8947368421052632,0.9868421052631579,0.9044585987261147,0.974025974025974,284,801,0.3545568039950062,118,152,0.7763157894736842,19,4,22,15,0.16101694915254236,0.8636363636363636,0.03389830508474576,0.125,0.02631578947368421,28.125034376313316,25.28490493676011,61.75769638472494,12889.736842105263,20.914473684210527,26.348684210526315,27551.17105263158,40440.90789473684,18.500115945402957,9.624911728936958,9.322150684210525,0.05239210460526316,6.7019734016962746e-06,False,
ASQA-top5-76,strict,59,7,69,17,152,0.8421052631578947,0.8939393939393939,0.7763157894736842,0.8309859154929577,74,6,70,2,152,0.9473684210526315,0.925,0.9736842105263158,0.9487179487179489,0.9144736842105263,0.9802631578947368,0.8705882352941177,0.974025974025974,0.9342105263157895,1.0,0.9171974522292994,0.9803921568627451,348,801,0.4344569288389513,127,152,0.8355263157894737,21,5,24,16,0.16535433070866143,0.875,0.03937007874015748,0.13815789473684212,0.03289473684210526,30.017650988160504,28.239025706081875,71.03635142734024,14933.822368421053,23.019736842105264,26.348684210526315,27551.17105263158,42484.99342105263,20.392731717117528,9.624911728936958,9.322150684210525,0.05239210460526316,7.542106016588054e-06,False,
ASQA-top5-76,strong_only,,,,,,,,,,75,7,69,1,152,0.9473684210526315,0.9146341463414634,0.9868421052631579,0.949367088607595,0.9144736842105263,0.9802631578947368,0.8620689655172413,0.9620253164556962,0.9605263157894737,1.0,0.9182389937106917,0.9803984819734345,,,,,,,,,,,,,,,,33.07001115263924,30.175055700121447,69.05025773477969,29726.66447368421,37.921052631578945,0.0,0.0,29726.66447368421,33.07001115263924,0.0,0.0,0.0,0.0,False,
ASQA-top5-76,structure_aware,59,7,69,17,152,0.8421052631578947,0.8939393939393939,0.7763157894736842,0.8309859154929577,74,6,70,2,152,0.9473684210526315,0.925,0.9736842105263158,0.9487179487179489,0.9144736842105263,0.9802631578947368,0.8705882352941177,0.974025974025974,0.9342105263157895,1.0,0.9171974522292994,0.9803921568627451,316,801,0.3945068664169788,125,152,0.8223684210526315,21,5,24,16,0.168,0.875,0.04,0.13815789473684212,0.03289473684210526,29.082449289474567,26.041664450890828,66.24437769430388,13922.940789473685,21.967105263157894,26.348684210526315,27551.17105263158,41474.11184210526,19.457525913169345,9.624911728936958,9.322150684210525,0.05239210460526316,1.1647368266590332e-05,False,
ASQA-top5-76,structure_aware_no_cross_side,59,7,69,17,152,0.8421052631578947,0.8939393939393939,0.7763157894736842,0.8309859154929577,74,5,71,2,152,0.9539473684210527,0.9367088607594937,0.9736842105263158,0.9548387096774194,0.9210526315789473,0.9802631578947368,0.8888888888888888,0.9866666666666667,0.9342105263157895,1.0,0.9230769230769231,0.9806451612903226,310,801,0.38701622971285893,125,152,0.8223684210526315,21,4,24,17,0.168,0.875,0.032,0.13815789473684212,0.02631578947368421,28.921236766445585,26.041664074485645,66.2443767005942,13727.546052631578,21.769736842105264,26.348684210526315,27551.17105263158,41278.71710526316,19.29631378685161,9.624911728936958,9.322150684210525,0.05239210460526316,1.1250657017195695e-05,False,
ASQA-top5-76,structure_aware_no_paradox,59,7,69,17,152,0.8421052631578947,0.8939393939393939,0.7763157894736842,0.8309859154929577,73,6,70,3,152,0.9407894736842105,0.9240506329113924,0.9605263157894737,0.9419354838709677,0.9013157894736842,0.9736842105263158,0.8705882352941177,0.9736842105263158,0.9078947368421053,1.0,0.9066666666666667,0.974025974025974,175,801,0.2184769038701623,95,152,0.625,18,3,23,15,0.18947368421052632,0.782608695652174,0.031578947368421054,0.11842105263157894,0.019736842105263157,25.208774113159865,22.653626885722634,58.123842213602174,9301.66447368421,17.32894736842105,26.348684210526315,27551.17105263158,36852.83552631579,15.583851189486603,9.624911728936958,9.322150684210525,0.05239210460526316,1.1194736304643907e-05,False,
ASQA-top5-76,structure_aware_no_two_antonym,59,7,69,17,152,0.8421052631578947,0.8939393939393939,0.7763157894736842,0.8309859154929577,74,6,70,2,152,0.9473684210526315,0.925,0.9736842105263158,0.9487179487179489,0.9144736842105263,0.9802631578947368,0.8705882352941177,0.974025974025974,0.9342105263157895,1.0,0.9171974522292994,0.9803921568627451,315,801,0.39325842696629215,125,152,0.8223684210526315,21,5,24,16,0.168,0.875,0.04,0.13815789473684212,0.03289473684210526,29.058593358552713,26.041663872238367,64.78335033122761,13892.355263157895,21.93421052631579,26.348684210526315,27551.17105263158,41443.52631578947,19.433670592116727,9.624911728936958,9.322150684210525,0.05239210460526316,1.1037499031150028e-05,False,
ASQA-top5-76,structure_aware_no_uncertainty,59,7,69,17,152,0.8421052631578947,0.8939393939393939,0.7763157894736842,0.8309859154929577,72,6,70,4,152,0.9342105263157895,0.9230769230769231,0.9473684210526315,0.935064935064935,0.8947368421052632,0.9671052631578947,0.8690476190476191,0.9733333333333334,0.8947368421052632,0.9868421052631579,0.8979591836734694,0.9681528662420382,292,801,0.3645443196004994,120,152,0.7894736842105263,19,5,22,14,0.15833333333333333,0.8636363636363636,0.041666666666666664,0.125,0.03289473684210526,28.365893941446924,25.28490851129242,61.75770858281645,13149.217105263158,21.17763157894737,26.348684210526315,27551.17105263158,40700.38815789474,18.74097080132541,9.624911728936958,9.322150684210525,0.05239210460526316,1.1411184555311737e-05,False,
ASQA-top5-76,uncertainty_only,59,7,69,17,152,0.8421052631578947,0.8939393939393939,0.7763157894736842,0.8309859154929577,65,7,69,11,152,0.881578947368421,0.9027777777777778,0.8552631578947368,0.8783783783783783,0.8289473684210527,0.9276315789473685,0.8421052631578947,0.9583333333333334,0.7763157894736842,0.9342105263157895,0.8219178082191781,0.9271523178807947,36,801,0.0449438202247191,25,152,0.16447368421052633,6,0,7,6,0.24,0.8571428571428571,0.0,0.039473684210526314,0.0,21.340021962512093,18.7107873616022,49.88200217318292,4741.1973684210525,12.756578947368421,26.348684210526315,27551.17105263158,32292.36842105263,11.715103720416664,9.624911728936958,9.322150684210525,0.05239210460526316,6.513158472156838e-06,False,
HaluEvalQA-3206-afterHuman,anomaly_count,2101,170,2980,1105,6356,0.7994021397105098,0.9251431087626596,0.6553337492202121,0.7672083257257623,2369,164,2986,837,6356,0.8425110132158591,0.935254638768259,0.7389270118527761,0.8255793692280885,0.8338819802704963,0.8508897957976762,0.9261002446115362,0.9441076600239163,0.7233312538989395,0.7535870243293824,0.814996355386411,0.8357287865073182,4658,10686,0.4358974358974359,2490,6356,0.39175582127123976,384,110,642,274,0.15421686746987953,0.5981308411214953,0.04417670682730924,0.06041535556954059,0.017306482064191317,9.339550032661492,5.42767986489283,18.42279650200878,2826.831969792322,8.044052863436123,8.406230333543109,3579.388766519824,6406.220736312146,7.196110542683251,2.143437279437001,1.9884367712397735,0.015632486674008808,2.210541239126701e-06,False,
HaluEvalQA-3206-afterHuman,full_escalation,2101,170,2980,1105,6356,0.7994021397105098,0.9251431087626596,0.6553337492202121,0.7672083257257623,2523,188,2962,683,6356,0.8629641283826306,0.9306528956104758,0.7869619463505927,0.852797025519689,0.8546217711791086,0.8713142956661248,0.9218266661025295,0.9393267098596434,0.7729257641921398,0.8009981285090455,0.8431083235508741,0.8622134418830429,10686,10686,1.0,6356,6356,1.0,551,147,1275,404,0.08668974197608559,0.432156862745098,0.023127753303964757,0.08668974197608559,0.023127753303964757,13.101947607839433,7.935517551149259,25.333974552861804,4695.757709251101,12.786028949024544,8.406230333543109,3579.388766519824,8275.146475770925,10.958508056737873,2.143437279437001,1.9884367712397735,0.015632486674008808,2.2716645580406383e-06,False,
HaluEvalQA-3206-afterHuman,learned_router_matched_rate,2101,170,2980,1105,6356,0.7994021397105098,0.9251431087626596,0.6553337492202121,0.7672083257257623,2458,197,2953,748,6356,0.8513215859030837,0.9258003766478343,0.7666874610106051,0.8387647159187853,0.8427759812567927,0.8595728934509609,0.9162900075459511,0.9347342844868027,0.7517077354959452,0.7816671865252651,0.8284767705099044,0.8486503215777073,5731,10686,0.5363091895938611,3306,6356,0.5201384518565135,447,117,908,330,0.13520871143375682,0.4922907488986784,0.03539019963702359,0.07032724984266835,0.0184078036500944,10.013278624624368,6.763039499957813,20.133980599988718,3159.3445563247324,8.888137193203272,8.406230333543109,3579.388766519824,6738.733322844556,7.869841345187367,2.143437279437001,1.9884367712397735,0.015632486674008808,0.0,False,
HaluEvalQA-3206-afterHuman,no_escalation,2101,170,2980,1105,6356,0.7994021397105098,0.9251431087626596,0.6553337492202121,0.7672083257257623,2101,170,2980,1105,6356,0.7994021397105098,0.9251431087626596,0.6553337492202121,0.7672083257257623,0.7898626294127047,0.808608328593041,0.9147352066385734,0.9352717235942141,0.6394260761072988,0.6718652526512788,0.7541465484483506,0.7797226289814404,0,10686,0.0,0,6356,0.0,0,0,0,0,,,,0.0,0.0,6.4000280639404785,3.822403927556853,12.362216107780327,1371.2369414726243,4.379798615481435,8.406230333543109,3579.388766519824,4950.625707992448,4.256588804783528,2.143437279437001,1.9884367712397735,0.015632486674008808,1.9797199503023383e-06,False,
HaluEvalQA-3206-afterHuman,oracle_minimal_rescue,2101,170,2980,1105,6356,0.7994021397105098,0.9251431087626596,0.6553337492202121,0.7672083257257623,2599,114,3036,607,6356,0.8865638766519823,0.9579800958348691,0.8106674984404242,0.8781888832573069,0.879102070123954,0.8941905354581563,0.9505670983135798,0.9652779721911161,0.7972551466001248,0.8240876481597006,0.8694739160444565,0.8869039834641189,723,10686,0.06765861875350926,554,6356,0.08716173694147263,554,0,554,554,1.0,1.0,0.0,0.08716173694147263,0.0,6.8615919016226625,3.9185656999470666,13.30366089992458,1599.9172435494022,4.948552548772813,8.406230333543109,3579.388766519824,5179.3060100692255,4.718154622185661,2.143437279437001,1.9884367712397735,0.015632486674008808,0.0,False,
HaluEvalQA-3206-afterHuman,paradox_only,2101,170,2980,1105,6356,0.7994021397105098,0.9251431087626596,0.6553337492202121,0.7672083257257623,2334,171,2979,872,6356,0.8359030837004405,0.9317365269461078,0.7280099812850904,0.8173699877429521,0.82716205051238,0.8449905482041588,0.9220972860308201,0.9410597212155326,0.7130302557704303,0.7432938240798502,0.8064400345591283,0.828328509082355,4282,10686,0.400711210930189,2936,6356,0.4619257394587791,349,117,700,232,0.11886920980926431,0.49857142857142855,0.039850136239782015,0.05490874764002517,0.0184078036500944,9.064591883117798,6.380223684345212,18.954002046258093,2711.0741032095657,7.748269351793581,8.406230333543109,3579.388766519824,6290.462869729389,6.921152528020006,2.143437279437001,1.9884367712397735,0.015632486674008808,2.0756607915083143e-06,False,
HaluEvalQA-3206-afterHuman,strict,2101,170,2980,1105,6356,0.7994021397105098,0.9251431087626596,0.6553337492202121,0.7672083257257623,2439,176,2974,767,6356,0.8516362492133417,0.9326959847036329,0.7607610729881472,0.8380003435835767,0.8433987663680976,0.859864988941755,0.9237170603377884,0.9414051806859196,0.7451653150343107,0.7754210854647536,0.8279424855995942,0.8478640776699028,6034,10686,0.5646640464158712,3453,6356,0.5432662051604783,466,134,886,332,0.13495511149724876,0.5259593679458239,0.03880683463654793,0.07331655129011957,0.021082441787287604,10.200162679767342,6.849248479628604,20.369929368937807,3255.4606670862177,9.126494650723725,8.406230333543109,3579.388766519824,6834.849433606041,8.056722828461254,2.143437279437001,1.9884367712397735,0.015632486674008808,2.57186908562081e-06,False,
HaluEvalQA-3206-afterHuman,strong_only,,,,,,,,,,2523,188,2962,683,6356,0.8629641283826306,0.9306528956104758,0.7869619463505927,0.852797025519689,0.8546217711791086,0.8713142956661248,0.9218266661025295,0.9393267098596434,0.7729257641921398,0.8009981285090455,0.8431083235508741,0.8622134418830429,,,,,,,,,,,,,,,,10.958508056737873,6.6529765000450425,21.199448725194088,4695.757709251101,12.786028949024544,0.0,0.0,4695.757709251101,10.958508056737873,0.0,0.0,0.0,0.0,False,
HaluEvalQA-3206-afterHuman,structure_aware,2101,170,2980,1105,6356,0.7994021397105098,0.9251431087626596,0.6553337492202121,0.7672083257257623,2422,174,2976,784,6356,0.8492762743864065,0.9329738058551618,0.7554585152838428,0.8348845225784213,0.8409697458025918,0.8577502889944478,0.9238086253369272,0.9417719894443879,0.740174672489083,0.7701185277604492,0.8247955258627429,0.8450241660700966,5731,10686,0.5363091895938611,3266,6356,0.5138451856513531,449,132,838,317,0.1374770361298224,0.535799522673031,0.04041641151255358,0.07064191315292637,0.02076777847702958,10.008166967353871,6.687362382664477,19.957933382679958,3162.752359974827,8.888137193203272,8.406230333543109,3579.388766519824,6742.141126494651,7.864726064521628,2.143437279437001,1.9884367712397735,0.015632486674008808,3.6233952421345675e-06,False,
HaluEvalQA-3206-afterHuman,structure_aware_no_cross_side,2101,170,2980,1105,6356,0.7994021397105098,0.9251431087626596,0.6553337492202121,0.7672083257257623,2420,175,2975,786,6356,0.8488042794210195,0.9325626204238922,0.7548346849656893,0.8343389070849854,0.8406292937197624,0.8573913233396802,0.9232812433354894,0.941244684963278,0.7395508421709295,0.7694946974422957,0.8243689546076165,0.8445599402575241,5707,10686,0.5340632603406326,3255,6356,0.512114537444934,446,132,834,314,0.13701996927803378,0.5347721822541966,0.04055299539170507,0.07016991818753933,0.02076777847702958,9.993258063168772,6.68120911359142,19.94626278859209,3155.5154185022025,8.869257394587791,8.406230333543109,3579.388766519824,6734.9041850220265,7.849817230144622,2.143437279437001,1.9884367712397735,0.015632486674008808,3.5535871497278622e-06,False,
HaluEvalQA-3206-afterHuman,structure_aware_no_paradox,2101,170,2980,1105,6356,0.7994021397105098,0.9251431087626596,0.6553337492202121,0.7672083257257623,2350,161,2989,856,6356,0.8399937067337948,0.9358821186778176,0.7330006238303182,0.8221094979884553,0.8313107377410355,0.8484198588507463,0.9266008471538637,0.9447384725684942,0.7174048658764816,0.7476606363069245,0.8114150009051396,0.8324067774311169,4532,10686,0.42410630731798615,2413,6356,0.37964128382630585,361,103,609,258,0.14960629921259844,0.5927750410509032,0.04268545379196022,0.056796727501573316,0.01620516047828823,9.256738920389886,5.160286198046863,18.18250254566392,2786.8401510383887,7.9449339207048455,8.406230333543109,3579.388766519824,6366.228917558213,7.113298113592919,2.143437279437001,1.9884367712397735,0.015632486674008808,3.527359964585083e-06,False,
HaluEvalQA-3206-afterHuman,structure_aware_no_two_antonym,2101,170,2980,1105,6356,0.7994021397105098,0.9251431087626596,0.6553337492202121,0.7672083257257623,2422,175,2975,784,6356,0.8491189427312775,0.9326145552560647,0.7554585152838428,0.8347406513872135,0.8408802331215759,0.8577061241058577,0.9233402009281896,0.9412906400855415,0.740174672489083,0.7701185277604492,0.8246510992173112,0.8448800021703332,5701,10686,0.5335017780273255,3256,6356,0.512271869100063,448,132,837,316,0.1375921375921376,0.5352449223416965,0.04054054054054054,0.07048458149779736,0.02076777847702958,9.989479712492248,6.681209118027142,19.95793332705108,3153.12822529893,8.864537444933921,8.406230333543109,3579.388766519824,6732.516991818754,7.846038872010555,2.143437279437001,1.9884367712397735,0.015632486674008808,3.561044690334587e-06,False,
HaluEvalQA-3206-afterHuman,structure_aware_no_uncertainty,2101,170,2980,1105,6356,0.7994021397105098,0.9251431087626596,0.6553337492202121,0.7672083257257623,2335,171,2979,871,6356,0.8360604153555695,0.9317637669592976,0.7283218964441672,0.8175770308123249,0.8273528485993076,0.844871871190882,0.9221376735729863,0.9411065847947627,0.7130380536494073,0.743605739238927,0.8066943315232288,0.828260070395659,4400,10686,0.4117536964252293,2981,6356,0.46900566393958465,352,119,707,233,0.11808118081180811,0.49787835926449786,0.03991949010399195,0.05538074260541221,0.018722466960352423,9.137457380647726,6.415943442643663,19.01368654592147,2749.7287602265574,7.841095028319698,8.406230333543109,3579.388766519824,6329.117526746381,6.994016534722392,2.143437279437001,1.9884367712397735,0.015632486674008808,3.566488333789619e-06,False,
HaluEvalQA-3206-afterHuman,uncertainty_only,2101,170,2980,1105,6356,0.7994021397105098,0.9251431087626596,0.6553337492202121,0.7672083257257623,2227,166,2984,979,6356,0.8198552548772813,0.9306310071040534,0.6946350592638803,0.7954991962850508,0.8107214725420582,0.8289325274692598,0.9206339359565165,0.9399178574073356,0.6790393013100436,0.7105427323767936,0.7838415224210896,0.8070860737865054,1846,10686,0.17274939172749393,644,6356,0.1013215859030837,153,23,275,130,0.2375776397515528,0.5563636363636364,0.03571428571428571,0.02407174323473883,0.003618628067967275,7.582042596382573,3.911164751361926,14.338435831122565,1941.3860918816865,5.831969792322215,8.406230333543109,3579.388766519824,5520.774858401511,5.438603213075202,2.143437279437001,1.9884367712397735,0.015632486674008808,2.1038703706005296e-06,False,
