Dataset_ID,Human_Review_Result,Modification_Details,Changed_Fields
7,Keep,No change; the human-reviewed version is identical to the DeepSeek-v4-flash review output.,None
11,Keep,No change; the human-reviewed version is identical to the DeepSeek-v4-flash review output.,None
28,Modify,"right_answer changed from ""The Android beta version of ""Fortnite Battle Royale"" was released on August 9, 2018 with a time-exclusivity for selected Samsung mobile devices until August 12, 2018. On August 13, 2018, American video game publisher Epic began sending invites for the Android version to registered users for non-Samsung devices, and by October 11, 2018, the Android client was made available to all without an invite."" to ""The Android beta version of ""Fortnite Battle Royale"" was released on August 9, 2018, with time-exclusivity for selected Samsung mobile devices until August 12, 2018. On August 13, 2018, Epic began sending invites for the Android version to registered users on non-Samsung devices, and by October 11, 2018, the Android client was made available to all without an invite.""; hallucinated_answer changed from ""The Android beta version of ""Fortnite Battle Royale"" was released on August 8, 2018 with a time-exclusivity for selected Samsung mobile devices until August 12, 2018. On August 13, 2018, American video game publisher Epic began sending invites for the Android version to registered users for non-Samsung devices, and by October 10, 2018, the Android client was made available to all without an invite."" to ""The Android beta version of ""Fortnite Battle Royale"" was released on August 8, 2018, with time-exclusivity for selected Samsung mobile devices until August 12, 2018. On August 13, 2018, Epic began sending invites for the Android version to registered users on non-Samsung devices, and by October 10, 2018, the Android client was made available to all without an invite."".","right_answer, hallucinated_answer"
60,Keep,No change; the human-reviewed version is identical to the DeepSeek-v4-flash review output.,None
69,Keep,No change; the human-reviewed version is identical to the DeepSeek-v4-flash review output.,None
97,Keep,No change; the human-reviewed version is identical to the DeepSeek-v4-flash review output.,None
101,Keep,No change; the human-reviewed version is identical to the DeepSeek-v4-flash review output.,None
108,Modify,"right_answer changed from ""A Raisin in the Sun is a 1959 play by playwright Lorraine Hansberry. The title of the play was inspired by the poem called ""Harlem"" (also known as ""A Dream Deferred"") by American poet Langston Hughes. The story tells of a black family's experiences in south Chicago, as they attempt to improve their financial circumstances with an insurance payout following the death of their father."" to """"A Raisin in the Sun"" is a 1959 play by Lorraine Hansberry. Its title comes from the poem ""Harlem"" (also known as ""A Dream Deferred"") by Langston Hughes.""; hallucinated_answer changed from ""A Raisin in the Sun is a 1959 play by playwright Lorraine Hansberry. The title of the play was inspired by the poem called ""Harlem"" (also known as ""A Dream Deferred"") by American poet Langston Hughes. The story tells of a black family's experiences in north Chicago, as they attempt to improve their social status with a lottery payout following the death of their mother."" to """"A Raisin in the Sun"" is a 1959 play by Lorraine Hansberry. Its title comes from the poem ""Harlem"" (also known as ""A Dream Deferred"") by Robert Frost."".","right_answer, hallucinated_answer"
117,Modify,"right_answer changed from ""In most soccer matches, three substitutions can be made during the game (regulation) and a fourth substitution can be made during extra time. Substitutions are made during a stoppage in play and with the permission of the referee."" to ""In most soccer matches, three substitutions can be made during regulation and a fourth substitution can be made during extra time. A player may only be substituted during a stoppage in play and with the permission of the referee.""; hallucinated_answer changed from ""In most soccer matches, three substitutions can be made during the game (regulation) and a fourth substitution can be made during extra time. Substitutions are made during a stoppage in play and with the permission of the referee, and the incoming player may only enter at the halfway line."" to ""In most soccer matches, three substitutions can be made during regulation and a fourth substitution can be made during extra time. A player may only be substituted during a stoppage in play, but the referee's permission is not required."".","right_answer, hallucinated_answer"
121,Keep,No change; the human-reviewed version is identical to the DeepSeek-v4-flash review output.,None
122,Keep,No change; the human-reviewed version is identical to the DeepSeek-v4-flash review output.,None
135,Modify,"right_answer changed from ""Halley's Comet or Comet Halley, officially designated 1P/Halley, is a short-period comet visible from Earth every 75–76 years. Comet Halley last appeared in 1986 and will next appear in mid-2061."" to ""Halley's Comet, officially designated 1P/Halley, is visible from Earth every 75–76 years. It last appeared in the inner parts of the Solar System in 1986 and will next appear in mid-2061.""; hallucinated_answer changed from ""Halley's Comet or Comet Halley, officially designated 1P/Halley, is a short-period comet visible from Earth every 74–79 years. Comet Halley last appeared in 1986 and will next appear in mid-2061."" to ""Halley's Comet, officially designated 1P/Halley, is visible from Earth every 75–76 years. It last appeared in the inner parts of the Solar System in 1986 and will next appear in mid-2062."".","right_answer, hallucinated_answer"
136,Keep,No change; the human-reviewed version is identical to the DeepSeek-v4-flash review output.,None
162,Keep,No change; the human-reviewed version is identical to the DeepSeek-v4-flash review output.,None
187,Keep,No change; the human-reviewed version is identical to the DeepSeek-v4-flash review output.,None
194,Modify,"right_answer changed from ""The song “Peanut Butter Jelly Time” was a flash-animated music video featuring a dancing banana by the American novelty group, the Buckwheat Boyz. It gained popularity from the internet and was featured on TV shows such as ""The Proud Family"", ""Family Guy"", and ""Regular Show""."" to """"Peanut Butter Jelly Time"" is a song by the Buckwheat Boyz that became popular on the Internet after a Flash music video featuring an animated dancing banana was created. Its popularity increased after it was featured on TV shows such as ""The Proud Family"", ""Family Guy"", and ""Regular Show"".""; hallucinated_answer changed from ""The song “Peanut Butter Jelly Time” was a flash-animated music video featuring a dancing banana by the American novelty group, the Buckwheat Boyz. It gained popularity from the internet and was featured on TV shows such as ""The Proud Family"", ""Family Guy"", and ""The Simpsons""."" to """"Peanut Butter Jelly Time"" is a song by the Buckwheat Boyz that became popular on the Internet after a Flash music video featuring an animated dancing pineapple was created. Its popularity increased after it was featured on TV shows such as ""The Proud Family"", ""Family Guy"", and ""Regular Show""."".","right_answer, hallucinated_answer"
312,Modify,"right_answer changed from """"Anything You Can Do (I Can Do Better)"" is a show tune composed by Irving Berlin for the 1946 Broadway musical Annie Get Your Gun. The song is a duet, with one male singer and one female singer attempting to outdo each other in increasingly complex tasks."" to """"Anything You Can Do (I Can Do Better)"" is a song composed by Irving Berlin for the 1946 Broadway musical ""Annie Get Your Gun"". It is a duet in which one male singer and one female singer attempt to outdo each other in increasingly complex tasks.""; hallucinated_answer changed from """"Anything You Can Do (I Can Do Better)"" is a show tune composed by Irving Berlin for the 1946 Broadway musical Annie Get Your Gun. The song is a duet, with one female singer and one male singer attempting to outdo each other in increasingly complex tasks, with the female singer always emerging victorious."" to """"Anything You Can Do (I Can Do Better)"" is a song composed by Cole Porter for the 1946 Broadway musical ""Annie Get Your Gun"". It is a duet in which one male singer and one female singer attempt to outdo each other in increasingly complex tasks."".","right_answer, hallucinated_answer"
334,Modify,"right_answer changed from ""The movie The Witches of Eastwick was filmed in various locations. Principal filming took place in Cohasset, Massachusetts. The exterior of the Lenox Mansion was filmed in Ipswich, Massachusetts. The main hall of the Lenox Mansion was filmed in the lobby of the Wang Center in Boston. Scenes in the swimming pool and in Daryl's library were shot in the the Warner Bros. backlot. Interior shots, other than the main hall of the Lenox Mansion and Daryl's library, were located at the  Greystone Mansion in Beverly Hills."" to ""Principal photography for ""The Witches of Eastwick"" took place in Cohasset and nearby Massachusetts towns. Castle Hill in Ipswich was used for the exterior of the Lenox Mansion, the lobby of the Wang Center in Boston stood in for its main hall, other interiors were filmed at Greystone Mansion in Beverly Hills, and the swimming pool and Daryl's library were sets on the Warner Bros. backlot.""; hallucinated_answer changed from ""The movie The Witches of Eastwick was filmed in various locations. Principal filming took place in Cohasset, Massachusetts. The exterior of the Lenox Mansion was filmed in Ipswich, Massachusetts. The main hall of the Lenox Mansion was filmed in the lobby of the Wang Center in Boston. Scenes in the swimming pool and in Daryl's library were shot on the Warner Bros. backlot. Interior shots, other than the main hall of the Lenox Mansion and Daryl's library, were located at the Greystone Mansion in Beverly Hills."" to ""Principal photography for ""The Witches of Eastwick"" took place in Cohasset and nearby Massachusetts towns. Castle Hill in Ipswich was used for the exterior of the Lenox Mansion, the Boston Public Library stood in for its main hall, other interiors were filmed at Greystone Mansion in Beverly Hills, and the swimming pool and Daryl's library were sets on the Warner Bros. backlot."".","right_answer, hallucinated_answer"
353,Keep,No change; the human-reviewed version is identical to the DeepSeek-v4-flash review output.,None
356,Keep,No change; the human-reviewed version is identical to the DeepSeek-v4-flash review output.,None
358,Modify,"hallucinated_answer changed from ""The song \""I Can't Let Maggie Go\"" is originally by the group Honeybus released in early 1968. The song was also a top 20 hit in Italy, with a 1968 version made by Equipe 84. The song has also been covered by J. Vincent Edwards in 1974, as well as by the Sideburns in 1993 and in 2005 by David Essex."" to The song \""I Can't Let Maggie Go\"" is originally by the group Honeybus released in early 1968. The song was also a top 2 hit in Italy, with a 1968 version made by Equipe 84. The song has also been covered by J. Vincent Edwards in 1974, as well as by the Sideburns in 1993 and in 2005 by David Essex.",hallucinated_answer
371,Keep,No change; the human-reviewed version is identical to the DeepSeek-v4-flash review output.,None
385,Keep,No change; the human-reviewed version is identical to the DeepSeek-v4-flash review output.,None
387,Keep,No change; the human-reviewed version is identical to the DeepSeek-v4-flash review output.,None
392,Keep,No change; the human-reviewed version is identical to the DeepSeek-v4-flash review output.,None
394,Modify,"right_answer changed from ""How the statue of Zeus at Olympia was destroyed is unknown, but there are many thoughts on how this could have happened. It was approximately destroyed around the 5th century AD, but earlier loss or damage is implied by Lucian of Samosata in the later 2nd century. According to the Byzantine historian Georgios Kedrenos, the statue of zeus at olympia was destroyed the great fire of the Palace of Lausus, in 475 AD. Alternatively, the statue perished along with the temple, which was severely damaged by fire in 425 AD."" to ""The exact circumstances of the Statue of Zeus at Olympia's destruction are unknown. The context places its loss or destruction in the 5th century AD. Georgios Kedrenos records a tradition that it was destroyed in the great fire of the Palace of Lausus in 475 AD; another possibility is that it perished with the temple, which was severely damaged by fire in 425 AD.""; hallucinated_answer changed from ""How the statue of Zeus at Olympia was destroyed remains unknown, but several possibilities have been proposed. It was roughly destroyed during the 6th century AD, with earlier loss or damage suggested by Lucian of Samosata in the later 2nd century. According to the Byzantine historian Georgios Kedrenos, the statue was consumed in the great fire of the Palace of Lausus in 475 AD. Alternatively, it perished together with the temple, which was completely destroyed by fire in 425 AD."" to ""The exact circumstances of the Statue of Zeus at Olympia's destruction are unknown. It was lost or destroyed during the 6th century AD, after surviving the major 5th-century fires associated with the temple and the Palace of Lausus."".","right_answer, hallucinated_answer"
406,Modify,"right_answer changed from ""The song Evermore in the live action 2017 American musical romantic fantasy film, Beauty and the Beast, is sung by Beast played by Dan Stevens."" to ""In the 2017 film ""Beauty and the Beast"", the song ""Evermore"" is performed by the Beast, played by Dan Stevens.""; hallucinated_answer changed from ""In the live action 2017 American musical romantic fantasy film, Beauty and the Beast, the song Evermore is sung by Gaston, played by Luke Evans."" to ""In the 2017 film ""Beauty and the Beast"", the song ""Evermore"" is performed by Gaston, played by Luke Evans."".","right_answer, hallucinated_answer"
430,Keep,No change; the human-reviewed version is identical to the DeepSeek-v4-flash review output.,None
439,Keep,No change; the human-reviewed version is identical to the DeepSeek-v4-flash review output.,None
443,Keep,No change; the human-reviewed version is identical to the DeepSeek-v4-flash review output.,None
451,Modify,"right_answer changed from ""\""Who Dat Boy\"" is a song by American rapper Tyler, the Creator. It was released on June 30, 2017 alongside, \""911/Mr. Lonely\"" through Columbia Records, as the lead singles from his fourth studio album Flower Boy. The song features vocals from ASAP Rocky."" to ""\""Who Dat Boy\"" is a song by American rapper Tyler, the Creator. It was released on June 30, 2017 alongside, \""911/Mr. Lonely\"" through Columbia Records, as the lead singles from his fourth studio album Flower Boy. The song features vocals from ASAP Rocky and a snippet of \""911\"" at the end of the track.""; ",None
467,Keep,No change; the human-reviewed version is identical to the DeepSeek-v4-flash review output.,None
469,Keep,No change; the human-reviewed version is identical to the DeepSeek-v4-flash review output.,None
498,Keep,No change; the human-reviewed version is identical to the DeepSeek-v4-flash review output.,None
503,Keep,No change; the human-reviewed version is identical to the DeepSeek-v4-flash review output.,None
513,Modify,"right_answer changed from ""\""Ain't I a Woman?\"" is a speech, delivered extemporaneously, by Sojourner Truth, (1797–1883), born into slavery in New York State. She later became a well known anti-slavery speaker. Her speech was delivered at the Women's Convention in Akron, Ohio, on May 29, 1851, and did not originally have a title. Almost a month later, the speech was briefly reported in two contemporary newspapers, and a transcript of the speech was published in the \""Anti-Slavery Bugle\"" on June 21, 1851. Twelve years later, in May 1863, Frances Dana Barker Gage published a very different transcription. In it, she gave Truth many of the speech characteristics of Southern slaves, and she included new material that Robinson had not reported. In 1981, the book \""Ain't I a Woman? Black Women and Feminism\"" was published by Bell Hooks, where she examines the effect of racism and sexism on black women, the civil rights movement, and feminist movements from suffrage to the 1970s."",
    "" to """"Ain't I a Woman?"" is the name given to a speech delivered extemporaneously by Sojourner Truth, who was born into slavery in New York State and later became a well-known anti-slavery speaker. Her speech was delivered at the Women's Convention in Akron, Ohio, on May 29, 1851, and did not originally have a title. The first reports of the speech were published by the ""New York Tribune"" on June 6, 1851, and by ""The Liberator"" five days later. The first complete transcription was published in the ""Anti-Slavery Bugle"" on June 21, 1851. Twelve years later, in May 1863, Frances Dana Barker Gage published a very different transcription that added her own commentary and audience reactions. The book ""Ain't I a Woman?: Black Women and Feminism"" by bell hooks was published in 1981, though it had been written years earlier while she was an undergraduate student. In the book, hooks examines the effects of racism and sexism on black women, the civil rights movement, and feminist movements from suffrage to the 1970s."";  hallucinated_answer changed from ""\""Ain't I a Woman?\"" is a speech, delivered extemporaneously, by Sojourner Truth, (1797–1883), born into slavery in New York State. She later became a well known anti-slavery speaker. Her speech was delivered at the Women's Convention in Akron, Ohio, on May 29, 1851, and did not originally have a title. Almost a month later, the speech was briefly reported in two contemporary newspapers, and a transcript of the speech was published in the \""Anti-Slavery Bugle\"" on June 21, 1851. Twelve years later, in May 1863, Frances Dana Barker Gage published a very different transcription. In it, she gave Truth many of the speech characteristics of Southern slaves, and she included new material that Robinson had not reported. In 1981, the book \""Ain't I a Woman? Black Women and Feminism\"" was published by Bell Hooks, where she examines the effect of racism and sexism on black women, the civil rights movement, and feminist movements from suffrage to the 1960s."" to ""\""Ain't I a Woman?\"" is the name given to a speech delivered extemporaneously by Sojourner Truth, who was born into slavery in New York State and later became a well-known anti-slavery speaker. Her speech was delivered at the Women's Convention in Akron, Ohio, on May 29, 1851, and did not originally have a title. The first reports of the speech were published by the \""New York Tribune\"" on June 6, 1851, and by \""The Liberator\"" five days later. The first complete transcription was published in the \""Anti-Slavery Bugle\"" on June 21, 1851. Twelve years later, in May 1863, Frances Dana Barker Gage published a very different transcription that added her own commentary and audience reactions. The book \""Ain't I a Woman?: Black Women and Feminism\"" by bell hooks was published in 1981 and was written in 1981 while she was an undergraduate student. In the book, hooks examines the effects of racism and sexism on black women, the civil rights movement, and feminist movements from suffrage to the 1970s."".",None
515,Keep,No change; the human-reviewed version is identical to the DeepSeek-v4-flash review output.,None
525,Keep,No change; the human-reviewed version is identical to the DeepSeek-v4-flash review output.,None
553,Modify,"right_answer changed from ""South Park: The Fractured but Whole is a 2017 role-playing video game developed by Ubisoft San Francisco and published by Ubisoft in collaboration with South Park Digital Studios. Based on the American adult animated television series South Park, it is the sequel to the 2014 video game South Park: The Stick of Truth. It was released worldwide for Microsoft Windows, PlayStation 4, and Xbox One on October 17, 2017. Later, a Nintendo Switch version was adapted by Ubisoft Pune and was released on April 24, 2018."" to """"South Park: The Fractured but Whole"" was released worldwide for Microsoft Windows, PlayStation 4, and Xbox One on October 17, 2017. A Nintendo Switch version, adapted by Ubisoft Pune, was released on April 24, 2018.""; hallucinated_answer changed from ""South Park: The Fractured but Whole is a 2017 role-playing video game developed by Ubisoft San Francisco and published by Ubisoft in collaboration with South Park Digital Studios. Based on the American adult animated television series South Park, it is the sequel to the 2014 video game South Park: The Stick of Truth. It was released worldwide for Microsoft Windows, PlayStation 4, and Xbox One on December 6, 2016. Later, a Nintendo Switch version was adapted by Ubisoft Pune and was released on April 24, 2018."" to """"South Park: The Fractured but Whole"" was released worldwide for Microsoft Windows, PlayStation 4, and Xbox One on December 6, 2016. A Nintendo Switch version, adapted by Ubisoft Pune, was released on April 24, 2018."".","right_answer, hallucinated_answer"
554,Modify,"right_answer changed from ""The Greatest Showman is a 2017 American musical drama film directed by Michael Gracey in his directorial debut, written by Jenny Bicks and Bill Condon and starring Hugh Jackman, Zac Efron, Michelle Williams, Rebecca Ferguson, and Zendaya. The film held its premiere on December 8, 2017, aboard the RMS ""Queen Mary 2"", while it was docked in New York City. The film was then released in the United States on December 20, 2017."" to """"The Greatest Showman"" premiered on December 8, 2017, aboard the RMS ""Queen Mary 2"" while it was docked in New York City. The film was released in the United States on December 20, 2017.""; hallucinated_answer changed from ""The Greatest Showman is a 2017 American musical drama film directed by Michael Gracey in his directorial debut, written by Jenny Bicks and Bill Condon and starring Hugh Jackman, Zac Efron, Michelle Williams, Rebecca Ferguson, and Zendaya. The film held its premiere on December 8, 2017, aboard the RMS ""Queen Mary 2"", while it was docked in Boston Harbor. The film was then released in the United States on December 20, 2017."" to """"The Greatest Showman"" premiered on December 8, 2017, aboard the RMS ""Queen Mary 2"" while it was docked in New York City. The film was released in the United States on December 21, 2017."".","right_answer, hallucinated_answer"
557,Modify,"right_answer changed from ""The Carolina Panthers are a professional American football team based in Charlotte, North Carolina. The Panthers compete in the National Football League (NFL), as a member club of the league's National Football Conference (NFC) South division. The team has been headquartered at Bank of America Stadium in Uptown Charlotte; the stadium also serves as the team's home field since 1996. During their first season, the Panthers played at Memorial Stadium in Clemson, South Carolina, while the Uptown Charlotte stadium was still under construction."" to ""The Carolina Panthers play at Bank of America Stadium in Uptown Charlotte. During their first season, while that stadium was under construction, they played at Memorial Stadium in Clemson, South Carolina.""; hallucinated_answer changed from ""The Carolina Panthers are a professional American football team based in Charlotte, North Carolina. The Panthers compete in the National Football League (NFL), as a member club of the league's National Football Conference (NFC) South division. The team has been headquartered at Ericsson Stadium in Uptown Charlotte; the stadium also serves as the team's home field since 1996. During their first season, the Panthers played at Memorial Stadium in Clemson, South Carolina, while the Uptown Charlotte stadium was still under construction."" to ""The Carolina Panthers play at Mercedes-Benz Stadium in Uptown Charlotte. During their first season, while that stadium was under construction, they played at Memorial Stadium in Clemson, South Carolina."".","right_answer, hallucinated_answer"
574,Modify,"right_answer changed from ""The Indian cricket team has won the world cup twice, in 1983 and in 2011."" to ""The Indian cricket team has won the Cricket World Cup twice, in 1983 and 2011.""; hallucinated_answer changed from ""The Indian cricket team has won the world cup three times, in 1983, 2007, and in 2011."" to ""The Indian cricket team has won the Cricket World Cup three times, in 1983, 2003, and 2011."".","right_answer, hallucinated_answer"
579,Keep,No change; the human-reviewed version is identical to the DeepSeek-v4-flash review output.,None
590,Keep,No change; the human-reviewed version is identical to the DeepSeek-v4-flash review output.,None
592,Keep,No change; the human-reviewed version is identical to the DeepSeek-v4-flash review output.,None
606,Modify,"right_answer changed from ""The first recorded use of a related phrase to the saying man best friend, is by Frederick the Great of Prussia. It was likely popularized by its use in a poem by Ogden Nash and has since become a common colloquialism."" to ""The first recorded use of a related phrase to ""man's best friend"" is attributed to Frederick the Great of Prussia. The phrase was likely popularized by its use in a poem by Ogden Nash.""; hallucinated_answer changed from ""The first recorded use of a related phrase to the saying man best friend, is by Frederick the Great of Prussia. It was likely popularized by its use in a speech by George Graham Vest and has since become a common colloquialism."" to ""The first recorded use of a related phrase to ""man's best friend"" is attributed to George Graham Vest in 1870. The phrase was later popularized by its use in a poem by Ogden Nash."".","right_answer, hallucinated_answer"
611,Keep,No change; the human-reviewed version is identical to the DeepSeek-v4-flash review output.,None
615,Modify,"right_answer changed from ""There are many famous Italians that are buried in Santa Croce in Florence, including the sculptor and artist Michelangelo, the astronomer and physicist Galileo, the diplomat and philosopher Machiavelli, the poet Foscolo, the philosopher Gentile and the composer Rossini."" to ""There are many famous Italians buried in Santa Croce in Florence, including Michelangelo, Galileo, Machiavelli, the poet Foscolo, the philosopher Gentile, and the composer Rossini.""; hallucinated_answer changed from ""There are many famous Italians that are buried in Santa Croce in Florence, including the sculptor and artist Michelangelo, the astronomer and physicist Galileo, the diplomat and philosopher Machiavelli, the poet Foscolo, the philosopher Gentile and the composer Rossini, as well as the physicist Enrico Fermi."" to ""There are many famous Italians buried in Santa Croce in Florence, including Michelangelo, Galileo, Machiavelli, the poet Foscolo, the philosopher Gentile, and the composer Rossini, as well as the composer Antonio Vivaldi."".","right_answer, hallucinated_answer"
622,Keep,No change; the human-reviewed version is identical to the DeepSeek-v4-flash review output.,None
625,Keep,No change; the human-reviewed version is identical to the DeepSeek-v4-flash review output.,None
640,Keep,No change; the human-reviewed version is identical to the DeepSeek-v4-flash review output.,None
641,Keep,No change; the human-reviewed version is identical to the DeepSeek-v4-flash review output.,None
680,Modify,"right_answer changed from ""The book An Essay on the Principle of Population was first published anonymously in 1798, but the author was soon identified as Thomas Robert Malthus."" to ""The book ""An Essay on the Principle of Population"" was first published anonymously in 1798, but the author was soon identified as Thomas Robert Malthus.""; hallucinated_answer changed from ""The book An Essay on the Principle of Population was first published anonymously in 1798, but the author was soon identified as Thomas Malthus, who revised it for over 28 years."" to ""The book ""An Essay on the Principle of Population"" was first published anonymously in 1798, but the author was soon identified as David Ricardo."".","right_answer, hallucinated_answer"
681,Keep,No change; the human-reviewed version is identical to the DeepSeek-v4-flash review output.,None
696,Modify,"right_answer changed from ""The music for the animated television series, Avatar: The Last Airbender, was created by Jeremy Zuckerman and Benjamin Wynn."" to ""Jeremy Zuckerman and Benjamin Wynn jointly wrote the music for ""Avatar: The Last Airbender"".""; hallucinated_answer changed from ""The music for the animated television series, Avatar: The Last Airbender, was composed solely by Jeremy Zuckerman."" to ""Jeremy Zuckerman alone wrote the music for ""Avatar: The Last Airbender""."".","right_answer, hallucinated_answer"
718,Modify,"right_answer changed from ""Cupboard love is a popular learning theory of the 1950s and 1960s based on the research of Sigmund Freud, Anna Freud, Melanie Klein and Mary Ainsworth. Rooted in psychoanalysis, the theory speculates that attachment develops in the early stages of infancy."" to ""The term \""cupboard love\"" is a British idiom used most commonly in the United Kingdom and Australia. It describes selfish, greedy, or insincere affection shown toward another person in order to get something. \""Cupboard love\"" is also associated with a learning theory of the 1950s and 1960s rooted in psychoanalysis and based on the research of Sigmund Freud, Anna Freud, Melanie Klein, and Mary Ainsworth.""; ",None
719,Keep,No change; the human-reviewed version is identical to the DeepSeek-v4-flash review output.,None
722,Keep,No change; the human-reviewed version is identical to the DeepSeek-v4-flash review output.,None
732,Keep,No change; the human-reviewed version is identical to the DeepSeek-v4-flash review output.,None
744,Modify,"right_answer changed from ""New York was founded by the Dutch in 1624 and initially called New Amsterdam. The city and its surroundings came under English control in 1664 and was renamed ""New York"" after King Charles II of England granted the lands to his brother, the Duke of York."" to ""New York City traces its origins to a Dutch trading post founded in 1624 on Lower Manhattan; the post was named New Amsterdam in 1626. The city and its surroundings came under English control in 1664 and were renamed ""New York"".""; hallucinated_answer changed from ""New York was founded by the Dutch in 1625 and initially called New Amsterdam. The city and its surroundings came under English control in 1664 and was renamed ""New York"" after King Charles II of England granted the lands to his brother, the Duke of York."" to ""New York City traces its origins to a Dutch trading post founded in 1623 on Lower Manhattan; the post was named New Amsterdam in 1626. The city and its surroundings came under English control in 1664 and were renamed ""New York""."".","right_answer, hallucinated_answer"
769,Keep,No change; the human-reviewed version is identical to the DeepSeek-v4-flash review output.,None
776,Keep,No change; the human-reviewed version is identical to the DeepSeek-v4-flash review output.,None
778,Modify,"right_answer changed from ""The first references to hydrogen fuel cells appeared in 1838. In a letter dated October 1838 but published in the December 1838 edition of The London and Edinburgh Philosophical Magazine and Journal of Science, Welsh physicist and barrister Sir William Grove wrote about the development of his first crude fuel cells. Grove later sketched his design, in 1842, in the same journal. The fuel cell he made used similar materials to today's phosphoric acid fuel cell."" to ""The principle of the fuel cell was discovered by Christian Friedrich Schönbein in 1838, and the first fuel cell was constructed by Sir William Robert Grove in 1839.""; hallucinated_answer changed from ""The first references to hydrogen fuel cells appeared in 1839. In a letter dated October 1838 but published in the December 1838 edition of The London and Edinburgh Philosophical Magazine and Journal of Science, Welsh physicist and barrister Sir William Grove wrote about the development of his first crude fuel cells. Grove later sketched his design, in 1842, in the same journal. The fuel cell he made used similar materials to today's phosphoric acid fuel cell."" to ""The principle of the fuel cell was discovered by Christian Friedrich Schönbein in 1838, and the first fuel cell was constructed by Sir William Robert Grove in 1840."".","right_answer, hallucinated_answer"
782,Keep,No change; the human-reviewed version is identical to the DeepSeek-v4-flash review output.,None
793,Modify,"right_answer changed from ""Assyrian sage Ahiqar coined the first known version of this phrase which was ""The word is mightier than the sword."" The phrase ""The pen is mightier than the sword"" was created by English author Edward Bulwer-Lytton in 1839 for his play Richelieu; Or the Conspiracy."" to ""Assyrian sage Ahiqar is associated with the first known version, ""The word is mightier than the sword."" The phrase ""The pen is mightier than the sword"" was coined by English author Edward Bulwer-Lytton in 1839 for his play ""Richelieu; Or the Conspiracy"".""; hallucinated_answer changed from ""Greek playwright Euripides coined the first known version of this phrase which was ""The tongue is mightier than the blade."" The phrase ""The pen is mightier than the sword"" was created by English author Edward Bulwer-Lytton in 1830 for his play Richelieu; Or the Conspiracy."" to ""Assyrian sage Ahiqar is associated with the first known version, ""The word is mightier than the sword."" The phrase ""The pen is mightier than the sword"" was coined by English author William Makepeace Thackeray in 1839 for the play ""Richelieu; Or the Conspiracy""."".","right_answer, hallucinated_answer"
805,Keep,No change; the human-reviewed version is identical to the DeepSeek-v4-flash review output.,None
807,Keep,No change; the human-reviewed version is identical to the DeepSeek-v4-flash review output.,None
818,Modify,"right_answer changed from """"If I Were a Boy"" is a song recorded by American singer Beyoncé, from her third studio album I Am... Sasha Fierce (2008). ""If I Were a Boy"" was written by BC Jean and Toby Gad, who also handled its production alongside Beyoncé."" to """"If I Were a Boy"" was initially recorded by BC Jean, who co-wrote the song with Toby Gad. Jean's record company rejected it, and Beyoncé later recorded her own version for ""I Am... Sasha Fierce"" (2008).""; hallucinated_answer changed from """"If I Were a Boy"" is a song recorded by American singer Beyoncé, from her third studio album I Am... Sasha Fierce (2008). ""If I Were a Boy"" was written by BC Jean and Toby Gad, who also handled its production alongside Jean."" to """"If I Were a Boy"" was initially recorded by Beyoncé, while BC Jean recorded her version later. The song was written by BC Jean and Toby Gad."".","right_answer, hallucinated_answer"
839,Keep,No change; the human-reviewed version is identical to the DeepSeek-v4-flash review output.,None
842,Keep,No change; the human-reviewed version is identical to the DeepSeek-v4-flash review output.,None
867,Keep,No change; the human-reviewed version is identical to the DeepSeek-v4-flash review output.,None
882,Keep,No change; the human-reviewed version is identical to the DeepSeek-v4-flash review output.,None
885,Keep,No change; the human-reviewed version is identical to the DeepSeek-v4-flash review output.,None
918,Modify,"right_answer changed from ""Charlie Daniels Band sang the original song The Devil Went Down To Georgia."" to ""The original version of ""The Devil Went Down to Georgia"" was performed by the Charlie Daniels Band.""; hallucinated_answer changed from ""The Charlie Daniels Band sang the original song The Devil Went Down To Georgia."" to ""The original version of ""The Devil Went Down to Georgia"" was performed by the Marshall Tucker Band."".","right_answer, hallucinated_answer"
928,Keep,No change; the human-reviewed version is identical to the DeepSeek-v4-flash review output.,None
938,Keep,No change; the human-reviewed version is identical to the DeepSeek-v4-flash review output.,None
