"id","question","context","factoid","annotator_A_atomicity","annotator_A_question_relevance","annotator_A_category","annotator_A_context_support","annotator_A_evidence_clarity","annotator_B_atomicity","annotator_B_question_relevance","annotator_B_category","annotator_B_context_support","annotator_B_evidence_clarity","adjudicator__atomicity","adjudicator__question_relevance","adjudicator_final_category","adjudicator_context_support","adjudicator_evidence_clarity"
"MAIN_0006","Who sang i can't let maggie go?","I Can't Let Maggie Go ""I Can't Let Maggie Go"" is a song by the British pop group Honeybus from early 1968. Written by band member Pete Dello, it was released as a non-album single. The song became an international Top 20 hit, reaching number 13 in New Zealand and number 11 in Ireland. It did best in their native United Kingdom, where it reached number eight in the UK Singles Chart. ""I Can't Let Maggie Go"" was included on the group's later compilation LPs, ""Honeybus at Their Best"" and ""Old Masters Hidden Treasures"". The song was also a top

with 1968's ""I Can't Let Maggie Go"", which was so popular that it earned the band a cover photo on the popular music magazine, ""Disc and Music Echo"", for which they posed atop a red London bus. ""I Can't Let Maggie Go"" reached Number 8 in the UK Singles Chart, in April 1968, staying in the Top 40 for over two months. Dello resigned in August 1968. The band recruited Jim Kelly on guitar and vocals to replace him and Cane began songwriting and performing lead vocals. This line-up scored minor successes with ""She Sold Blackpool Rock"" and ""Girl Of

10 hit in Italy, with a 1968 version made by Equipe 84, entitled ""Un angelo blu"" (""A blue angel""). It enjoyed an unexpected reprise in popularity in the 1970s, when it was used as the soundtrack for a television advertisement for ""Nimble"", a bread produced for slimmers. ""I Can't Let Maggie Go"" has been covered by J. Vincent Edwards in 1974, as well as by the Sideburns in 1993. David Essex included his own version on the 2005 compilation album, ""The Complete Collection"". I Can't Let Maggie Go ""I Can't Let Maggie Go"" is a song by the British pop","The song ""I Can't Let Maggie Go"" has been covered by the Sideburns in 1993.","PASS","PASS","Cat4","TRUE","CLEAR","PASS","PASS","Cat4","FALSE","CLEAR","PASS","PASS","Cat4","TRUE","CLEAR"
"MAIN_0014","Cyril Briggs was dedicated to advancing what  worldwide intellectual movement that aims to encourage and strengthen bonds of solidarity between all people of African descent"," Briggs is best remembered as founder and editor of ""The Crusader,"" a seminal New York magazine of the New Negro Movement of the 1920s and as founder of the African Blood Brotherhood, a small but historically important radical organization dedicated to advancing the cause of Pan-Africanism.Pan-Africanism is a worldwide intellectual movement that aims to encourage and strengthen bonds of solidarity between all people of African descent.","Pan-Africanism aims to encourage and strengthen bonds of solidarity between all people of African descent.","PASS","PASS","Cat3","TRUE","CLEAR","PASS","PASS","Cat1","TRUE","CLEAR","PASS","PASS","Cat3","TRUE","CLEAR"
"MAIN_0015","The SS-owned company that funded a Nazi association to raise the birth rate of ""Aryan"" children was created to market a reflector invented by which employee of Hitler?","Anton Loibl GmbH was a company owned by the SS which was a funding source for the Ahnenerbe research branch and the Lebensborn eugenics programme. It was created to market a bicycle reflector invented by Anton Loibl, a chauffeur for Hitler.Lebensborn e.V. (literally: ""Fount of Life"") was an SS-initiated, state-supported, registered association in Nazi Germany with the goal of raising the birth rate of ""Aryan"" children of persons classified as ""racially pure and healthy"" based on Nazi racial hygiene and health ideology.","The bicycle reflector was invented by Hitler's chauffeur.","PASS","PASS","Cat1","TRUE","CLEAR","PASS","PASS","Cat7","TRUE","CLEAR","PASS","PASS","Cat1","TRUE","CLEAR"
"MAIN_0021","Who played in the world series in 1989?","champion Oakland A's, who won 104 games. The Twins eventually sank towards the bottom of the standings, finishing last in 1990. In 1991, the Twins returned to the playoffs by beating the Blue Jays in the ALCS and winning what many call the greatest World Series ever played over the Atlanta Braves. The 1987 World Series featured at least two players who would go on to win ""Manager of the Year"" awards. The Twins' Don Baylor won it in 1995 for his work with the Colorado Rockies while the Cardinals' Tony Peña won it in 2003 for his work with

1989 World Series The 1989 World Series was the 86th edition of Major League Baseball's championship series, and the conclusion of the 1989 Major League Baseball season. A best-of-seven playoff, it was played between the American League (AL) champion Oakland Athletics and the National League (NL) champion San Francisco Giants. The Series ran from October 14 through October 28, with the Athletics sweeping the Giants in four games. It was the first World Series sweep since 1976. The four game sweep by the Athletics at the time would mark only the third time in World Series history that a team

1987 World Series The 1987 World Series was the 84th edition of Major League Baseball's championship series, and the conclusion of the 1987 Major League Baseball season. It was a best-of-seven playoff played between the American League (AL) champion Minnesota Twins and the National League (NL) champion St. Louis Cardinals. The Twins defeated the Cardinals four games to three to win the Series. Twins pitcher Frank Viola was named as the 1987 World Series MVP. Minnesota was victorious in a World Series that was the first to feature games played indoors. It was also the first World Series in which","The Oakland Athletics swept the San Francisco Giants in four games in the 1989 World Series.","PASS","PASS","Cat4","TRUE","CLEAR","PASS","PASS","Cat7","TRUE","CLEAR","PASS","PASS","Cat4","TRUE","CLEAR"
"MAIN_0022","Who replaced the Peabody Award winner, made famous for his NPR flagship program, in 2004?","Renée Montagne (pronounced Mon-TAIN) is an American radio journalist and was the co-host (with Steve Inskeep and David Greene) of National Public Radio's weekday morning news program, ""Morning Edition"", from May 2004 to November 11, 2016. Montagne and Inskeep succeeded longtime host Bob Edwards, initially as interim replacements, and Greene joined the team in 2012. Montagne had served as a correspondent and occasional host since 1989. She usually broadcasts from NPR West in Culver City, California, a Los Angeles suburb.Robert Alan ""Bob"" Edwards (born May 16, 1947) is an American broadcast journalist, a Peabody Award-winning member of the National Radio Hall of Fame. He gained reputation as the first host of National Public Radio's flagship program, ""Morning Edition"". Starting in 2004, Edwards then was the host of ""The Bob Edwards Show"" on Sirius XM Radio and ""Bob Edwards Weekend"" distributed by Public Radio International to more than 150 public radio stations.","Steve Inskeep replaced the Peabody Award winner in 2004.","PASS","FAIL","Cat7","TRUE","CLEAR","PASS","FAIL","Cat1","FALSE","CLEAR","PASS","FAIL","Cat7","TRUE","CLEAR"
"MAIN_0027","Lochner v. New York and New York v. Ferber where both handled by who?","New York v. Ferber, 458 U.S. 747 (1982) , is a precedential decision given by the United States Supreme Court, which ruled unanimously that the First Amendment right to free speech did not forbid states from banning the sale of material depicting children engaged in sexual activity, even if the material was not obscene.Lochner v. New York, 198 US 45 (1905) was a landmark US labor law case in the US Supreme Court, holding that limits to working time violated the Fourteenth Amendment.","The United States Supreme Court is the highest court in the United States.","PASS","PASS","Cat5","FALSE","CLEAR","PASS","PASS","Cat1","TRUE","CLEAR","PASS","PASS","Cat1","FALSE","CLEAR"
"MAIN_0028","Arthur bell as an amateur cricketer player for what league known for employing professional players."," An architect by trade, Bell also played as an amateur cricketer for Burnley Cricket Club for 20 years, during which time he won five Lancashire League championships. Its real importance is probably due to the history of employing professional players of international standing to play in the League.","The Lancashire League has featured many famous cricketers from around the world.","PASS","FAIL","Cat3","FALSE","CLEAR","PASS","FAIL","Cat3","TRUE","CLEAR","PASS","FAIL","Cat3","FALSE","CLEAR"
"MAIN_0039","What major Albanian musical event did Aurela Gaçe win?"," She is a three-time Festivali i Këngës winner, a three-time Kënga Magjike winner and a two-time Balkan Music Award winner for ""Balkan's Song of The Year"" and ""Best Singer from Albania"".Kënga Magjike (""Magical Song"" in English) is a major musical event in Albania.","Kënga Magjike includes a competition for the best song.","PASS","PASS","Cat1","FALSE","CLEAR","PASS","PASS","Cat1","TRUE","CLEAR","PASS","PASS","Cat1","FALSE","CLEAR"
"MAIN_0045","Which novenario are part of The Guadalupe-Reyes Marathon?"," In Mexico, posadas are part of what has recently been called The Guadalupe-Reyes Marathon.Las Posadas is a novenario (nine days of religious observance) celebrated chiefly in Mexico and by Mexican-Americans in the United States, beginning December 16 and ending December 24.","Las Posadas commemorates the journey of Mary and Joseph to Bethlehem.","PASS","PASS","Cat1","FALSE","CLEAR","PASS","PASS","Cat1","TRUE","CLEAR","PASS","PASS","Cat1","FALSE","CLEAR"
"MAIN_0057","At which age Audrey Kathryn Lindvall's super model sister was discover by IMG scout?","Audrey Kathryn Lindvall (August 11, 1982 – August 2, 2006) was an American model. She was the sister of supermodel Angela Lindvall, and the former face of Coach and Ann Taylor.Angela Lindvall (born January 14, 1979) is an American supermodel and actress. Lindvall was discovered by an IMG scout when she was 14 years old, and immediately signed with IMG New York.","Angela Lindvall's age when she was discovered was 14.","PASS","PASS","Cat4","TRUE","CLEAR","PASS","PASS","Cat4","TRUE","CLEAR","PASS","PASS","Cat6","TRUE","CLEAR"
"MAIN_0065","Ted Sutton plays Sergeant Cunningham in a2002 film that stars Mel Gibson as what character?"," He is best known for playing Sergeant Cunningham in M. Night Shyamalan's 2002 film ""Signs"". Its story focuses on a former Episcopal priest named Graham Hess, played by Mel Gibson, who discovers a series of crop circles in his cornfield.","The 2002 film stars Mel Gibson as a farmer.","PASS","PASS","Cat1","FALSE","CLEAR","PASS","PASS","Cat1","TRUE","CLEAR","PASS","PASS","Cat1","FALSE","CLEAR"
"MAIN_0085","""Funnybot"" is the second episode of the fifteenth season of which American animated television series, created by Trey Parker and Matt Stone?  "," ""Funnybot"" premiered in the United States on Comedy Central on May 4, 2011, the first time a ""South Park"" episode has aired in May since season 10's ""Tsst"" in 2006.The tenth season of ""South Park"", an American animated television series created by Trey Parker and Matt Stone, began airing on March 22, 2006.","""Funnybot"" is the third episode of the fifteenth season of ""American Dad.""","PASS","PASS","Cat4","FALSE","CLEAR","PASS","PASS","Cat5","FALSE","CLEAR","PASS","PASS","Cat4","FALSE","CLEAR"
"MAIN_0097","The republic with the smallest population of all the members of the Council of Europe is one of few places in Europe where a species of beetle cannot be found, that wew originally described in 1809 by whom?"," It was described by Panzer in 1809 and can be found everywhere in Europe except for Albania, Andorra, Monaco, Portugal, San Marino, Vatican City and various European islands. San Marino has the smallest population of all the members of the Council of Europe.","The beetle described by Charles Darwin cannot be found in San Marino.","PASS","PASS","Cat2","FALSE","CLEAR","PASS","PASS","Cat2","FALSE","CLEAR","PASS","PASS","Cat1","FALSE","CLEAR"
"MAIN_0099","What is a small network appliance and entertainment device that serves as a the media player for the iTunes Store?"," It also serves as a media player for television shows and films purchased in the iTunes Store, replacing the ""Videos"" application on earlier versions of iOS.Apple TV is a digital media player and microconsole developed and sold by Apple Inc. It is a small network appliance and entertainment device that can receive digital data from a number of sources and stream it to a capable television.","Apple TV is similar to a set-top box.","PASS","PASS","Cat1","FALSE","CLEAR","PASS","PASS","Cat5","TRUE","CLEAR","PASS","PASS","Cat1","FALSE","CLEAR"
"MAIN_0114","Where does the tv show this is us take place?","period or use multiple flashback time periods. Flashbacks often focus on Jack and Rebecca c.1980 both before and after their babies' birth, or on the family when the Big Three are children (at least ages 8–10) or adolescents; these scenes usually take place in Pittsburgh, where the Big Three are born and raised. Various other time periods and locations have also served as settings. Recently, the show has flashed back to follow the lives of newer characters, such as Randall's foster child, Deja. As adults, Kate lives in Los Angeles, Randall and his family are in New Jersey, and Kevin

relocates from Los Angeles to New York City. ""This is Us"" originally began as an 80 page movie script that Dan Fogelman was developing while working for ABC Studios in the spring of Spring 2015. The story line, which Fogelman admitted to not having a definite direction, revolved around the lives of eight adults who, as it would be revealed, were octuplets. After moving to an eight-figure deal with 20th Television, Fogelman made the decision to develop a TV series from the characters of his original script, cutting a few characters and shortening the script to 45 pages before bringing

This Is Us (TV series) This Is Us is an American comedy-drama television series created by Dan Fogelman that premiered on NBC on September 20, 2016. The series follows the lives and families of two parents, and their three children, in several different time frames. It stars an ensemble cast featuring Milo Ventimiglia, Mandy Moore, Sterling K. Brown, Chrissy Metz, Justin Hartley, Susan Kelechi Watson, Chris Sullivan, Ron Cephas Jones, Jon Huertas, Alexandra Breckenridge, Niles Fitch, Logan Shroyer, Hannah Zeile, Mackenzie Hancsicsak, Parker Bates, Lonnie Chavis, Eris Baker, and Faithe Herman. ""This Is Us"" is filmed in Los Angeles. The

9:00pm, the first season's first two episodes and eleventh episode aired on a Tuesday at 10:00pm, while the second season's fourteenth episode, ""Super Bowl Sunday"", aired on a Sunday at 10:15pm. This Is Us (TV series) This Is Us is an American comedy-drama television series created by Dan Fogelman that premiered on NBC on September 20, 2016. The series follows the lives and families of two parents, and their three children, in several different time frames. It stars an ensemble cast featuring Milo Ventimiglia, Mandy Moore, Sterling K. Brown, Chrissy Metz, Justin Hartley, Susan Kelechi Watson, Chris Sullivan, Ron Cephas

intimate series of portraits and stitch them together. But at the same time, waves of cloying sentiment threaten to submerge everything."" ""This Is Us"" was included on multiple Best/Top TV Shows of 2016 lists; these are listed below in order of rank. ""This Is Us"" premiered on September 20, 2016, in the U.S. on NBC. The series premiered on CTV in Canada on September 21, 2016, on TVNZ 2 in New Zealand on September 27, 2016, and in the United Kingdom on Channel 4 on December 6, 2016. The series premiered in Australia on Channel Ten on February 8, 2017.","""This Is Us"" does not take place in only one location; its settings include Pittsburgh, Los Angeles, New Jersey, and New York City.","PASS","PASS","Cat2","TRUE","CLEAR","PASS","PASS","Cat3","TRUE","CLEAR","PASS","PASS","Cat3","TRUE","CLEAR"
"MAIN_0120","Song at the end of who dat boy?","accompanied music video was uploaded on June 29, 2017 on Tyler's official YouTube channel. The music video was directed by Tyler under the pseudonym Wolf Haley. The music video features visual allusions to the 2017 film ""Get Out"" and rapper Action Bronson's face being sewn onto Tyler's. It also features a snippet of the song ""911"" at the end of the track. Who Dat Boy ""Who Dat Boy"" is a song by American rapper Tyler, the Creator. It was released on June 30, 2017 alongside, ""911 / Mr. Lonely"" through Columbia Records, as the lead singles from his fourth studio

Who Dat Boy ""Who Dat Boy"" is a song by American rapper Tyler, the Creator. It was released on June 30, 2017 alongside, ""911 / Mr. Lonely"" through Columbia Records, as the lead singles from his fourth studio album ""Flower Boy"". The song features vocals from ASAP Rocky. Tyler, the Creator began a one-week countdown on Twitter and Instagram to promote and release the two dual-singles called ""Who Dat Boy"" and ""911 / Mr. Lonely"" on June 30, 2017. The single is Tyler, the Creator's highest charting single to date debuting at 87 on the ""Billboard"" Hot 100. The song

before the announced release date of July 21. After a one-week countdown on Twitter and Instagram, Tyler, the Creator released a music video, titled ""Who Dat Boy"", to his official YouTube channel on June 29, 2017. The album's lead single, ""Who Dat Boy"" / ""911"", containing two songs: ""Who Dat Boy"" and ""911 / Mr. Lonely"" was released on June 30, 2017. The single peaked at number 87 on the US ""Billboard"" Hot 100. The album's second single, ""Boredom"", was released on July 11, 2017. The album's third single, ""I Ain't Got Time!"", was released on July 19, 2017. The","The song featured at the end of ""Who Dat Boy"" is not ""Who Dat Boy"" itself.","PASS","PASS","Cat2","TRUE","CLEAR","PASS","PASS","Cat2","FALSE","CLEAR","PASS","PASS","Cat2","TRUE","CLEAR"
"MAIN_0131","Which store founded in 1974 in Yorkshire is the primary focus of BBC One's Pound Shop Wars?","Narrated by Caroline Aherne, the series shows the competition between rival pound shops, focusing on Poundworld. In contrast to many high street retailers, Poundworld maintained strong sales and growth during the global recession that started in 2007.","Unlike many high street retailers during the global recession, Poundworld maintained strong sales.","PASS","PASS","Cat2","TRUE","CLEAR","PASS","PASS","Cat5","TRUE","CLEAR","PASS","PASS","Cat2","TRUE","CLEAR"
"MAIN_0140","Who got rid of the romans in britain?","End of Roman rule in Britain The end of Roman rule in Britain was the transition from Roman Britain to post-Roman Britain. Roman rule ended in different parts of Britain at different times, and under different circumstances. In 383, the usurper Magnus Maximus withdrew troops from northern and western Britain, probably leaving local warlords in charge. Around 410, the Romano-British expelled the magistrates of the usurper Constantine III, ostensibly in response to his failures to use the Roman garrison he had stripped from Britain to protect the island. Roman Emperor Honorius replied to a request for assistance with the ""Rescript

the Romano-Britons to revolt. Regarding the events of 409 and 410 when the Romano-Britons expelled Roman officials and sent a request for aid to Honorius, Michael Jones (""The End of Roman Britain"", 1998) offered a different chronology to the same end result: he suggested that the Britons first appealed to Rome and when no help was forthcoming, they expelled the Roman officials and took charge of their own affairs. One theory that occurs in some modern histories concerns the ""Rescript of Honorius"", holding that it refers to the cities of the Bruttii (who lived at the ""toe"" of Italy in

Roman Britain Roman Britain ( or, later, """", ""the Britains"") was the area of the island of Great Britain that was governed by the Roman Empire, from 43 to 410 AD. It comprised almost all of England and Wales and, for a short period, southern Scotland. Julius Caesar invaded Britain in 55 and 54 BC as part of his Gallic Wars. According to Caesar, the Britons had been overrun or culturally assimilated by other Celtic tribes during the British Iron Age and had been aiding Caesar's enemies. He received tribute, installed a friendly king over the Trinovantes, and returned to

settle in the British Isles along with other people from various parts of the Roman Empire. They came as far back as 55 and 54 BC when Julius Caesar (initially landing in Deal) led expeditionary campaigns in the south-east of England, and then again in AD 43 when Emperor Claudius invaded and subsequently conquered the British islands. Historian Theodore Mommsen calculated that in the five centuries of Roman presence in the British isles, more than 50,000 Roman soldiers (mainly from The Balkans) moved to live permanently in Roman Britain. Continuous contact with Rome and the Catholic world was initially restricted

those major supporters who had not turned against him, and he himself was assassinated. There are various interpretations that characterise the events in a way that supports a particular thesis without taking issue with the basic chronology. The historian Theodor Mommsen (""Britain"", 1885) said that ""It was not Britain that gave up Rome, but Rome that gave up Britain ..."", arguing that Roman needs and priorities lay elsewhere. Michael Jones (""The End of Roman Britain"", 1998) took the opposite view, saying that it was Britain that left Rome, arguing that numerous usurpers based in Britain combined with poor administration caused","Roman rule ended in different parts of Britain at different times.","PASS","PASS","Cat4","TRUE","CLEAR","PASS","PASS","Cat3","TRUE","CLEAR","PASS","PASS","Cat4","TRUE","CLEAR"
"MAIN_0150","Who was You Make Loving Fun written about?","You Make Loving Fun ""You Make Loving Fun"" is a song written and sung by Christine McVie of the British-American band Fleetwood Mac. It was released as the fourth and final 45 rpm single from the band's album ""Rumours"" in 1977; its fourth top-ten hit, the song peaked at number nine on the ""Billboard"" Hot 100. The song was inspired by an affair McVie had with the band's lighting director, Curry Grant. ""To avoid flare-ups"", she told her then-husband John McVie that the song was about her dog; he found out later what it was really about. On the American

""New York Post"" she remarked that she wanted it to be the third US single from the album, but instead ""Don't Stop"" was chosen, which boosted the album's commercial success in the US and the UK. The song also utilizes descending seconds in its chord progression. ""You Make Loving Fun"" was a concert staple for Fleetwood Mac and was played during every tour involving Christine McVie from 1976 until 1997, a year before McVie's departure from the band and retirement from touring. It has since been revived for Fleetwood Mac's 2014-2015 tour when McVie rejoined the band. You Make Loving

troubled, relationships. According to Christine McVie, the fact that the lyricists were extensively focusing on the various separations became apparent to the band only with hindsight. ""You Make Loving Fun"" is about her boyfriend, Fleetwood Mac's lighting director, after she split from John. Nicks' ""Dreams"" details a breakup and has a hopeful message, while Buckingham's similar effort in ""Go Your Own Way"" is more pessimistic. After a short fling with a New England woman, he was inspired to write ""Never Going Back Again"", a song about the illusion of thinking that sadness will never occur again once feeling content with","""You Make Loving Fun"" was not actually written about Christine McVie's dog.","PASS","FAIL","Cat2","TRUE","CLEAR","PASS","FAIL","Cat2","FALSE","CLEAR","PASS","FAIL","Cat2","TRUE","CLEAR"
"MAIN_0201","Who is washington addressing in the atlanta exposition?","Atlanta Exposition Speech. ""The Atlanta Exposition Address"": The speech that Washington gave to the Atlanta Exposition is printed here in its entirety. He also gives some explanation of the reaction to his speech: first, delight from all, then, slowly, a feeling among African Americans that Washington had not been strong enough in regards to the 'rights' of the race. In time, however, the African-American public would become, once again, generally pleased with Washington's goals and methods for African-American uplift. Washington also speaks about the African-American clergy. He also makes a much disputed statement about voting: ""I believe it is the

recognized as one of the most important and influential speeches in American history. The speech was preceded by the reading of a dedicatory ode written by Frank Lebby Stanton. Washington began with a call to the blacks, who composed one third of the Southern population, to join the world of work. He declared that the South was where blacks were given their chance, as opposed to the North, especially in the worlds of commerce and industry. He told the white audience that rather than relying on the immigrant population arriving at the rate of a million people a year, they

Atlanta Exposition Speech The Cotton States and International Exposition Speech was an address on the topic of race relations given by Booker T. Washington on September 18, 1895. The speech laid the foundation for the Atlanta compromise, an agreement between African-American leaders and Southern white leaders in which Southern blacks would work meekly and submit to white political rule, while Southern whites guaranteed that blacks would receive basic education and due process of law. The speech, presented before a predominantly white audience at the Cotton States and International Exposition (the site of today's Piedmont Park) in Atlanta, Georgia, has been

including such a simile, because it effectively disarmed any immediate threat posed by blacks toward segregation (accommodationism). Atlanta Exposition Speech The Cotton States and International Exposition Speech was an address on the topic of race relations given by Booker T. Washington on September 18, 1895. The speech laid the foundation for the Atlanta compromise, an agreement between African-American leaders and Southern white leaders in which Southern blacks would work meekly and submit to white political rule, while Southern whites guaranteed that blacks would receive basic education and due process of law. The speech, presented before a predominantly white audience at

the city incurred to hold the fair. Booker T. Washington delivered his famous Atlanta Exposition Speech at the Expo, which is ""widely regarded as one of the most significant speeches in American history."" In his speech, Washington pushed for progress but not integration, a point that angered many other black leaders such as W. E. B. Du Bois. Attractions included Buffalo Bill's Wild West Show, the Liberty Bell, and the first public demonstration of C. Francis Jenkins and Thomas Armat's motion picture projection device which they called the Phantoscope. John Philip Sousa's ""King Cotton"" march was created for the expo","Booker T. Washington delivered the Atlanta Exposition Speech before a predominantly white audience.","PASS","PASS","Cat1","TRUE","CLEAR","PASS","PASS","Cat7","TRUE","CLEAR","PASS","PASS","Cat1","TRUE","CLEAR"
"MAIN_0211","How many miles long is this major railway link between London and Edinburgh, in which The Swinton-Doncaster line is a short railway between Swinton Junction and Doncaster South Yorkshire?","The Swinton–Doncaster line is a short railway line in South Yorkshire between Swinton Junction on the Wakefield Line and Doncaster South Yorkshire Junction on the East Coast Main Line.The East Coast Main Line (ECML) is a 393 mi major railway link between London and Edinburgh via Peterborough, Doncaster, Wakefield, Leeds, York, Darlington and Newcastle, electrified along the whole route.","The 393-mile East Coast Main Line is electrified along the whole route.","PASS","PASS","Cat3","TRUE","CLEAR","PASS","PASS","Cat7","TRUE","CLEAR","PASS","PASS","Cat6","TRUE","CLEAR"
"MAIN_0221","What is the population of the small town with an Air Force Base 7 mi northeast of Sacramento, California?","McClellan Park is a census-designated place in Sacramento County, California. The 2010 United States census reported McClellan Park's population was 743. It is the site of the former McClellan Air Force Base, closed by the federal government in 2003.McClellan Air Force Base (1935–2001) is a former United States Air Force base located in the North Highlands area of Sacramento County, 7 mi northeast of Sacramento, California.","The small town has less population than 744.","PASS","PASS","Cat3","TRUE","CLEAR","PASS","PASS","Cat5","TRUE","CLEAR","PASS","PASS","Cat3","TRUE","CLEAR"
"MAIN_0223","Which author of Superman: The Wedding Album is known for creating the superhero Booster Gold?"," The story was written by the five principal writers for the ""Superman"" titles at the time: Dan Jurgens, Karl Kesel, David Michelinie, Louise Simonson, and Roger Stern. He is known for creating the superhero Booster Gold, and for his lengthy runs on the Superman titles ""The Adventures of Superman"" and ""Superman"" (vol.","The creator of Booster Gold is one of the five principal writers for the Superman titles.","PASS","PASS","Cat7","TRUE","CLEAR","PASS","PASS","Cat3","TRUE","CLEAR","PASS","PASS","Cat7","TRUE","CLEAR"
"MAIN_0224","What aspect of pre-Columbian human sacrifice practices is not agreed upon by modern scholars?"," The Nicarao shared many cultural traits with their Aztec cousins, including an identical calendar, the use of screenfold books, the worship of closely-related deities, and the practice of human sacrifice.Human sacrifice was a religious practice of the pre-Columbian Aztec civilization, as well as other Mesoamerican civilizations such as the Maya and the Zapotec. The extent of such practices is debated by modern scholars, but scholars agree that human sacrifice was a major part of Aztec worship and that some human victims were cannibalized.","The exact extent of such practices is not agreed upon by modern scholars.","PASS","PASS","Cat2","TRUE","CLEAR","PASS","PASS","Cat2","TRUE","CLEAR","PASS","PASS","Cat3","TRUE","CLEAR"
"MAIN_0235","Edwin Forrest's feud with William Charles Macready was the cause of what event that occurred on May 10, 1849, in Manhattan?"," His feud with the British actor William Charles Macready was the cause of the deadly Astor Place Riot of 1849.The Astor Place Riot occurred on May 10, 1849, at the now-demolished Astor Opera House in Manhattan, New York City and left at least 25 dead and more than 120 injured.","At least 22 people were killed in the Astor Place Riot.","PASS","PASS","Cat3","TRUE","CLEAR","PASS","PASS","Cat3","FALSE","CLEAR","PASS","PASS","Cat3","TRUE","CLEAR"
"MAIN_0257","Who was the mother of dragons married to?","When Drogon kills a child, Daenerys feels compelled to chain her dragons Rhaegal and Viserion, but Drogon escapes. Her advisers suggest she marry Hizdahr zo Loraq to bring peace and she agrees, but also takes Daario as a lover. Hizdahr successfully negotiates an end to the violence, so she marries him. At her wedding feast, the blood and noise of the fighting pits attract Drogon, who is immediately attacked; Daenerys's attempt to control her dragon fails initially but she eventually flies off with him. After several days in Drogon's lair, she falls ill after eating some berries and begins to

relationship with the mercenary Daario Naharis, Daenerys marries the noble Hizdahr zo Loraq to secure an alliance that will hopefully appease the violent Meereenese resistance group called the Sons of the Harpy. At Hizdahr's insistence, she reopens the fighting pits as a gesture of good will to the citizens, but the noise and carnage attract Drogon. Two hundred people are trampled in the resulting panic or killed by the dragon, at which point Daenerys climbs on Drogon to calm him. He flies off with a helpless Daenerys in tow. Hizdahr is soon implicated in an attempt to poison Daenerys at

has been a guest of Illyrio Mopatis in Pentos for half a year. ""Game of Thrones"" creators D. B. Weiss and David Benioff described Daenerys as a combination of Joan of Arc, Lawrence of Arabia, and Napoleon. In ""A Game of Thrones"" (1996), Daenerys is sold off by her brother Viserys and Illyrio Mopatis to marry Khal Drogo, a Dothraki warlord, in exchange for an army for Viserys. At that time, Daenerys befriends Jorah Mormont, an exiled Westerosi knight, and is given three petrified dragon eggs as a wedding gift. Though initially terrified of Drogo, the marriage turns out to

of the last king of the original ruling dynasty, who was overthrown by Robert Baratheon – are running for their lives and trying to win back the throne. Daenerys becomes married to Khal Drogo (Jason Momoa), the leader of the nomadic Dothraki. Her retinue includes the exiled knight Ser Jorah Mormont (Iain Glen), her aide Missandei (Nathalie Emmanuel) and the sellsword Daario Naharis (Michiel Huisman). In January 2006, David Benioff had a phone conversation with George R. R. Martin's literary agent about the books he represented, and became interested in ""A Song of Ice and Fire"" as he had been

which means ""sown men"") grew from the teeth like plants. Cadmus hurled stones into their midst, causing them to kill each other until only five were left. To make restitution for having killed Ares's dragon, Cadmus was forced to serve Ares as a slave for eight years. At the end of this period, Cadmus married Harmonia, the daughter of Ares and Aphrodite. Cadmus and Harmonia moved to Illyria, where they ruled as king and queen, before eventually being transformed into dragons themselves. In the fifth century BC, the Greek historian Herodotus reported in Book IV of his ""Histories"" that western","Daenerys was married only to Hizdahr zo Loraq.","PASS","PASS","Cat3","FALSE","CLEAR","PASS","PASS","Cat3","TRUE","CLEAR","PASS","PASS","Cat3","FALSE","CLEAR"
"MAIN_0259","Who played brad carlton on young and the restless?","appearance was several months later when he appeared to his daughter, Colleen, as she herself was drowning in the same lake while trying to escape the clutches of the demented Patty Williams. Brad Carlton Brad Carlton is a fictional character from the CBS soap opera ""The Young and the Restless"", portrayed by Don Diamont. The character became a mainstay on the series for over ten years. He was known for his relationships with Traci Abbott, Ashley Abbott and Victoria Newman, as well as his business rivalries with Jack Abbott and Victor Newman. In 2009, the character drowned in a frozen

Brad Carlton Brad Carlton is a fictional character from the CBS soap opera ""The Young and the Restless"", portrayed by Don Diamont. The character became a mainstay on the series for over ten years. He was known for his relationships with Traci Abbott, Ashley Abbott and Victoria Newman, as well as his business rivalries with Jack Abbott and Victor Newman. In 2009, the character drowned in a frozen lake. Don Diamont portrayed the role of Brad for the character's entire run on the series. He first appeared on April 7, 1985, as the new Abbott family gardener. In 1993, the

on ""The Young and the Restless"" (head written by Lynn Marie Latham & Scott Hamner) has paralleled his personal life in some ways. The show has revealed that the persona of ""Brad Carlton"" is actually ""George Kaplan."" (For dramatic purposes, the show has explained this by disclosing that George/Brad had to hide his past, and his Jewishness, for his own safety.) Don Diamont Don Diamont (born Donald Feinberg; December 31, 1962) is an American actor. His best known roles include Brad Carlton on ""The Young and the Restless"" and Bill Spencer Jr. on ""The Bold and the Beautiful"". In 1990,

with the show for a year. Diamont is best known for his portrayal of opportunistic businessman Brad Carlton on ""The Young and the Restless"". He initially joined the show in 1985 and left the cast in 1996, but returned in 1998, remaining on the show until his character was killed off in early 2009. On March 5, 2009 it was announced that Diamont would be joining the cast of the CBS daytime drama ""The Bold and the Beautiful"" in the contract role of Bill Spencer Jr. His first air date was May 12, 2009. ""Don is a versatile actor with

Brad Carlton was first introduced as the Abbotts' gardener, who caught the eye of the youngest Abbott daughter, Traci. The two were married twice, with the second marriage producing a daughter, Colleen Carlton. During his second marriage to Traci, Brad was held captive in a cage by his unstable ex-wife, Lisa Mansfield. After he divorced Traci, Brad was tricked into marrying the wealthy widow, Cassandra Rawlins, after a ski trip to Aspen. Brad eventually returned to Genoa City with plans to divorce Cassandra, but en route to finalize her divorce plans, Cassandra was hit by a truck and killed. Brad","Don Diamont played Brad Carlton only from 1998 until the character's death in 2009.","PASS","PASS","Cat3","FALSE","CLEAR","PASS","PASS","Cat4","FALSE","CLEAR","PASS","PASS","Cat3","FALSE","CLEAR"
"MAIN_0284","Which Yale professor has written 150 articles for the American mass circulation monthly magazine that features scientific information on child development?","James P. Comer (born James Pierpont Comer, September 25, 1934 in East Chicago, Indiana) is currently the Maurice Falk Professor of Child Psychiatry at the Yale Child Study Center and has been since 1976. He has also written more than 150 articles for Parents (magazine) and more than 300 articles on children's health and development and race relations.Parents, published by Meredith Corporation, is an American mass circulation monthly magazine that features scientific information on child development geared to help parents in raising their children.","James P. Comer wrote exactly 150 articles for Parents magazine.","PASS","PASS","Cat3","FALSE","CLEAR","PASS","PASS","Cat6","FALSE","CLEAR","PASS","PASS","Cat3","FALSE","CLEAR"
"MAIN_0291","What church based in Egypt, Northeast Africa and the Middle East, also features the former Christian diocese, Diocese of Buto? ","The Diocese of Buto (Latin Butus, Greek Butos) is a former Christian diocese and titular see of both the Roman Catholic and Coptic Orthodox Churches, with see in the Ancient City of Buto in the Nile Delta of Egypt.The Coptic Orthodox Church of Alexandria is an Oriental Orthodox Christian church based in Egypt, Northeast Africa and the Middle East.","The Coptic Orthodox Church of Alexandria is based in exactly five distinct regions.","PASS","PASS","Cat3","FALSE","CLEAR","PASS","PASS","Cat6","FALSE","CLEAR","PASS","PASS","Cat3","FALSE","CLEAR"
"MAIN_0295","When was the statue of zeus at olympia destroyed?","of Lausus, in 475 AD. Alternatively, the statue perished along with the temple, which was severely damaged by fire in 425 AD. But earlier loss or damage is implied by Lucian of Samosata in the later 2nd century, who referenced it ""Timon"": ""they have laid hands on your person at Olympia, my lord High-Thunderer, and you had not the energy to wake the dogs or call in the neighbours; surely they might have come to the rescue and caught the fellows before they had finished packing up the loot."" The approximate date of the statue (the third quarter of the

their place."" Before this could happen, the emperor was assassinated in 41 AD; his death was supposedly foretold by the statue, which ""suddenly uttered such a peal of laughter that the scaffolding collapsed and the workmen took to their heels."" In 391 AD, the Roman emperor Theodosius I banned participation in pagan cults and closed the temples. The sanctuary at Olympia fell into disuse. The circumstances of the statue's eventual destruction are unknown. The 11th-century Byzantine historian Georgios Kedrenos records a tradition that it was carried off to Constantinople, where it was destroyed in the great fire of the Palace

Statue of Zeus at Olympia The Statue of Zeus at Olympia was a giant seated figure, about tall, made by the Greek sculptor Phidias around 435 BC at the sanctuary of Olympia, Greece, and erected in the Temple of Zeus there. A sculpture of ivory plates and gold panels over a wooden framework, it represented the god Zeus sitting on an elaborate cedar wood throne ornamented with ebony, ivory, gold and precious stones. One of the Seven Wonders of the Ancient World, it was lost and destroyed during the 5th century AD with no copy ever being found, and details

the site suffer heavy damage from a series of earthquakes. Invading tribes in 267 AD led to the centre of the site being fortified with material robbed from its monuments. Despite the destruction, the Olympic festival continued to be held at the site until the last Olympiad in 393 AD, after which the Christian emperor Theodosius I implemented a ban. The Temple of Zeus was apparently destroyed around 426 AD, during the persecution of pagans in the late Roman Empire, following an edict by Theodosius II enforcing the ban on pagan festivals. The workshop of Pheidias was turned into a

this time regarded as archaic. It has been suggested that Hadrian was deliberately imitating Phidias' famous statue of Athena Parthenos in the Parthenon, seeking to draw attention to the temple and himself by doing so. Pausanias describes the temple as it was in the 2nd century: The Temple of Olympian Zeus was badly damaged during the Heruli a sack of Athens in 267. It is unlikely to have been repaired, given the extent of the damage to the rest of the city. Assuming that it was not abandoned it would certainly have been closed down in 425 by the Christian","The Temple of Zeus was completely destroyed by fire in 425 AD.","PASS","FAIL","Cat3","FALSE","CLEAR","PASS","FAIL","Cat4","FALSE","CLEAR","PASS","FAIL","Cat3","FALSE","CLEAR"
"MAIN_0345","Who was the first singing brothers in the hall of fame?","they had 30 chart singles, 29 in the Top 40, 13 Top 10, and 4 at No. 1 between 1957 and 1984. They had 12 Top 40 albums between 1960 and 2009. The Everly Brothers were among the first 10 artists inducted into the Rock and Roll Hall of Fame in 1986. They were introduced by Neil Young, who observed that every musical group he had ever belonged to had tried, and failed, to copy the Everly Brothers' harmonies. On July 5, 1986, the Everlys returned to Shenandoah, Iowa, for a concert, parade, street dedication, class reunion, and other activities.

The Mills Brothers The Mills Brothers, sometimes billed the Four Mills Brothers, and originally known as the Four Kings of Harmony, were an African-American jazz and pop vocal quartet who made more than 2,000 recordings that sold more than 50 million copies and garnered at least three dozen gold records. The Mills Brothers were inducted into the Vocal Group Hall of Fame in 1998. The Mills Brothers were born into a family of nine in Piqua, Ohio, twenty-five miles north of Dayton. The band consisted of Donald (lead tenor vocals, April 29, 1915 – November 13, 1999)), Herbert (tenor vocals,

Hall of Fame upon its opening in 1998. Writing for ""Bloomberg"", Mark Schoifet said the sisters became the most popular female vocal group of the first half of the 20th century. They are still widely acclaimed today for their famous close harmonies. They were inducted into the Minnesota Rock/Country Hall of Fame in May 2006. The sisters were born to Peter Andreos (anglicized to ""Andrews"" upon arriving in the US) and Olga (née Sollie); their father was Greek and their mother a Norwegian-American of the Lutheran faith. Patty, the youngest and the lead singer of the group, was 7 when

Righteous Brothers' hit singles sung by Medley and Heard. The Righteous Brothers were nominated twice for the Grammy. In 1965, their recording of ""You've Lost That Lovin' Feelin'"" was nominated in the Best Rock And Roll Recording category at the 7th Annual Grammy Awards. Their re-recording of ""Unchained Melody"" was nominated for Best Pop Vocal Performance by a Duo or Group at the 1991 Grammy. They were also awarded the Best New Singing Group in the Billboard Disc Jockey Poll in 1965. The Righteous Brothers were inducted into the Rock and Roll Hall of Fame on March 10, 2003. Current

The Everly Brothers The Everly Brothers were an American country-influenced rock and roll duo, known for steel-string acoustic guitar playing and close harmony singing. Isaac Donald ""Don"" Everly (born February 1, 1937) and Phillip ""Phil"" Everly (January 19, 1939 – January 3, 2014) were inducted to the Rock and Roll Hall of Fame in 1986 and the Country Music Hall of Fame in 2001. Don was born in Brownie, Muhlenberg County, Kentucky, on February 1, 1937, and Phil in Chicago, Illinois, on January 19, 1939. Their parents were Isaac Milford ""Ike"" Everly, Jr. (1908–1975), a guitar player, and Margaret Embry","The Everly Brothers were among the first 10 artists inducted into the Rock and Roll Hall of Fame in 1986.","PASS","PASS","Cat4","TRUE","CLEAR","PASS","PASS","Cat5","TRUE","CLEAR","PASS","PASS","Cat5","TRUE","CLEAR"
"MAIN_0378","Arthur Noss won a Military Cross as the gunner of a soldier born in which year ?"," He won a Military Cross as Keith Park's gunner, and was killed in a flying accident shortly thereafter.Air Chief Marshal Sir Keith Rodney Park, (15 June 1892 – 6 February 1975) was a New Zealand soldier, First World War flying ace and Second World War Royal Air Force commander.","The soldier was born in 1889.","PASS","PASS","Cat4","FALSE","CLEAR","PASS","PASS","Cat4","FALSE","CLEAR","PASS","PASS","Cat4","FALSE","CLEAR"
"MAIN_0383","When was the immorality act repealed in south africa?","amendment act. Immorality Act Immorality Act was the title of two acts of the Parliament of South Africa which prohibited, amongst other things, sexual relations between white people and people of other races. The first Immorality Act, of 1927, prohibited sex between whites and blacks, until amended in 1950 to prohibit sex between whites and all non-whites. The second Immorality Act, of 1957, continued this prohibition and also dealt with many other sex offences. The ban on interracial sex was lifted in 1985, but certain sections of the 1957 act dealing with prostitution remain in force as the ""Sexual Offences

Immorality Act Immorality Act was the title of two acts of the Parliament of South Africa which prohibited, amongst other things, sexual relations between white people and people of other races. The first Immorality Act, of 1927, prohibited sex between whites and blacks, until amended in 1950 to prohibit sex between whites and all non-whites. The second Immorality Act, of 1957, continued this prohibition and also dealt with many other sex offences. The ban on interracial sex was lifted in 1985, but certain sections of the 1957 act dealing with prostitution remain in force as the ""Sexual Offences Act, 1957"".

The Immorality Act, 1957, later renamed the Sexual Offences Act, 1957, repealed the 1927 Act (as amended) and introduced new offences for brothel keeping, pimping and procuring. Interracial sex was now criminalised as unlawful carnal intercourse between ""white"" and ""coloured"" people. The Criminal Procedure Act 51 of 1977 criminalised ""committing an immoral or indecent act with such other person"" and also soliciting for the same. Municipal by-laws also contained provisions about prostitution. As part of the repeal of many petty apartheid laws under the government of P. W. Botha, the Immorality and Prohibition of Mixed Marriages Amendment Act 1985 repealed

the interracial restrictions of the Immorality Acts. The Immorality Amendment Act, 1988 renamed the Immorality Act, 1957 to the Sexual Offences Act, 1957 and criminalised the act of prostitution. It also made the provisions of the 1957 Act gender neutral. In 2002, an appeal by brothel keepers and prostitutes in the country's Constitutional Court, submitting that the laws on prostitution were in breach of the constitution, was dismissed. The most recent legislative change was the Criminal Law (Sexual Offences and Related Matters) Amendment Act, 2007, section 11 which added Section 20(1)(aA) of the SOA, which states that any person who

banned the marriage of interracial couples outside of South Africa, viewing foreign marriages as invalid and illegal. The Immorality Act, 1957 (Act No. 23 of 1957; subsequently renamed the Sexual Offences Act, 1957) repealed the 1927 and 1950 acts and replaced them with a clause prohibiting sexual intercourse or ""immoral or indecent acts"" between white people and anyone not white. It increased the penalty to up to seven years' imprisonment for both partners. The 1957 act also prohibited brothel-keeping, procuring, and living off the proceeds of prostitution; and it prohibited sexual intercourse with people under the age of sixteen. The","The Immorality Act was the title of two acts of the Parliament of South Africa.","PASS","PASS","Cat6","TRUE","CLEAR","PASS","PASS","Cat6","TRUE","CLEAR","PASS","PASS","Cat1","TRUE","CLEAR"
"MAIN_0406","Which pilot was born earlier, Klaus-Dietrich Flade or Philippe Perrin?","Klaus-Dietrich Flade (born August 23, 1952) is a German pilot and former German Aerospace Center astronaut who visited the Mir space station in 1992 aboard the Soyuz TM-14 mission, returning to Earth a week later aboard Soyuz TM-13.Philippe Perrin (Colonel, French Air Force) (born January 6, 1963) is a French test pilot and former CNES and European Space Agency astronaut.","Klaus-Dietrich Flade was born earlier than Philippe Perrin.","PASS","PASS","Cat4","TRUE","CLEAR","PASS","PASS","Cat5","TRUE","CLEAR","PASS","PASS","Cat5","TRUE","CLEAR"
"MAIN_0413","Who was born first, Kevin Curren or Martina Navratilova?","Kevin Melvyn Curren (born 2 March 1958) is a South African-American former professional tennis player.Martina Navratilova (Czech: ""Martina Navrátilová"" ] ; born Martina Šubertová ] ; October 18, 1956) is a former Czechoslovak and later American tennis player and coach.","Martina Navratilova was born earlier than Kevin Curren.","PASS","PASS","Cat4","TRUE","CLEAR","PASS","PASS","Cat5","TRUE","CLEAR","PASS","PASS","Cat5","TRUE","CLEAR"
"MAIN_0415","Which was the 15th Disney animated feature film, ""Eight Below"" or ""Lady and the Tramp""?","The 15th Disney animated feature film, it was the first animated feature filmed in the CinemaScope widescreen film process. Based on ""Happy Dan, The Whistling Dog"" by Ward Greene, ""Lady and the Tramp"" tells the story of a female American Cocker Spaniel named Lady who lives with a refined, upper-middle-class family, and a male stray mongrel called the Tramp.Eight Below is a 2006 American adventure drama film based on ""Antarctica"" by Toshirô Ishidô, Koreyoshi Kurahara, Tatsuo Nogami and Susumu Saji.","""Lady and the Tramp"" was the 15th Disney animated feature film.","PASS","PASS","Cat4","TRUE","CLEAR","PASS","PASS","Cat5","TRUE","CLEAR","PASS","PASS","Cat5","TRUE","CLEAR"
"MAIN_0435","A well-endowed parish church in the Episcopal Diocese of New York was the first tallest building in New York over a building that was demolished in what year?"," It was 260 ft tall and when new the second-tallest building in New York, after Trinity Church. It was demolished in 1966.Trinity Church is an historic, active, well-endowed parish church in the Episcopal Diocese of New York.","Trinity Church was the first tallest building in New York.","PASS","PASS","Cat5","TRUE","CLEAR","PASS","PASS","Cat5","FALSE","CLEAR","PASS","PASS","Cat5","TRUE","CLEAR"
"MAIN_0445","What is the oldest version of microsoft windows?","Microsoft Windows version history Microsoft Windows was announced by Bill Gates on November 10, 1983. Microsoft introduced Windows as a graphical user interface for MS-DOS, which had been introduced a couple of years earlier. In the 1990s, the product line evolved from an operating environment into a fully complete, modern operating system over two lines of development, each with their own separate codebase. The first versions of Windows (1.0 through to 3.11) were graphical shells that run from MS-DOS; later on, Windows 95, though still being based on MS-DOS, was its own operating system, using a 16-bit DOS-based kernel and

until December 31, 2001 – the longest out of all versions of Windows. Version 1.01, released on November 20, 1985, was the first public release of Windows 1.0. Version 1.02, released in May 1986, was an international release. Version 1.03, released in August 1986, included enhancements that made it consistent with the international release like drivers for European keyboards and additional screen and printer drivers. Version 1.04, released in April 1987, added support for the new IBM PS/2 computers, although no support for PS/2 mice or new VGA graphics modes was provided. Windows 1.0 offers limited multitasking of existing MS-DOS

of 3.2 or lower. Windows NT, which was aimed at professional users such as networks and businesses, used a similar but separate version number between 3.1 and 4.0. The final version of Windows 9x was Windows ME, released in September 2000 with an internal version number of 4.9. All future versions of Windows, starting with Windows XP, would be based on the Windows NT codebase. The first independent version of Microsoft Windows, version 1.0, released on 20 November 1985, achieved little popularity. Its name was initially ""Interface Manager"", but Rowland Hanson, the head of marketing at Microsoft, convinced the company

home users. Windows 2000 was available in four editions: In September 2000, Microsoft released a successor to Windows 98 called Windows ME, short for ""Millennium Edition"". It was the last DOS-based operating system from Microsoft. Windows ME introduced a new multimedia-editing application called Windows Movie Maker, came standard with Internet Explorer 5.5 and Windows Media Player 7, and debuted the first version of System Restore – a recovery utility that enables the operating system to revert system files back to a prior date and time. System Restore was a notable feature that would continue to thrive in all later versions

screen. Windows 10 was well-received, with many reviewers stating that Windows 10 is what Windows 8 should have been. Windows 10 also marks the last version of Windows to be traditionally released. Instead, ""feature updates"" are released twice a year with names such as ""Creators Update"" and ""Fall Creators Update"" that introduce new capabilities. The first independent version of Microsoft Windows, version 1.0, released on November 20, 1985, achieved little popularity. The project was briefly codenamed ""Interface Manager"" before the windowing system was developed - contrary to popular belief that it was the original name for Windows and Rowland Hanson,","Microsoft Windows 1.0 was the first independent version of Microsoft Windows.","PASS","PASS","Cat4","TRUE","CLEAR","PASS","PASS","Cat5","TRUE","CLEAR","PASS","PASS","Cat4","TRUE","CLEAR"
"MAIN_0448","Where did the idea of representative government first develop?","within the Christian Church, democracy came to be understood as representative democracy in this second phase. Contrary to what other sources have often suggested, Keane points out that the oldest roots of that democratic model are in fact undemocratic. The first parliament was not English, but Spanish. Keane locates the birth of representative parliaments in the cloisters of San Isidoro Church, in León, Northern Spain - the site where King Alfonso IX convened the first cortes in 1188 CE. Yet it took several centuries before the term representation began to be used in conjunction with democracy. The birthplace of talk

is deeply answerable. Your representative owes you, not his industry only, but his judgment; and he betrays, instead of serving you, if he sacrifices it to your opinion. The Roman Republic was the first known government in the western world to have a representative government, despite taking the form of a direct government in the Roman assemblies. The Roman model of governance inspired many political thinkers over the centuries, and today's modern representative democracies imitate more the Roman than the Greek models because it was a state in which supreme power was held by the people and their elected representatives,

of these were ""direct"" rather than ""indirect"" expressions of democracy, since their members were the people themselves rather than representatives of the people. The idea of an assembly of representatives, a ""representative assembly"", as a political institution of a literate society first appeared in Europe in the Middle Ages, more specifically in the twelfth to fifteenth centuries. Perhaps it was brought into being by rulers determined to avoid being overawed by their powerful warrior barons by appealing to lower ranks of society: lesser landowners, townsmen and clergy. Whatever the explanation for its emergence, it is considered by many to be

government originated in ancient Athens circa 508 B.C. In ancient Greece, where there were many city-states with different forms of government, democracy was contrasted with governance by elites (aristocracy), by one person (monarchy), by tyrants (tyranny), etc. In recent decades scholars have explored the possibility that advancements toward democratic government occurred somewhere else (i.e. other than Greece) first, as Greece developed its complex social and political institutions long after the appearance of the earliest civilizations in Egypt and the Near East. Studying pre-Babylonian Mesopotamia, Thorkild Jacobsen used Sumerian epic, myth, and historical records to identify what he has called ""primitive

king and its officers to the laws of the Principality. In England, Simon de Montfort is remembered as one of the fathers of representative government for holding two famous parliaments. The first, in 1258, stripped the King of unlimited authority and the second, in 1265, included ordinary citizens from the towns. Later, in the 17th century, the Parliament of England pioneered some of the ideas and systems of liberal democracy culminating in the Glorious Revolution and passage of the Bill of Rights 1689. In the Kingdom of Great Britain, the monarch, in theory, chaired cabinet and chose ministers. In practice,","The Roman Republic was the first known representative government in the Western world.","PASS","PASS","Cat4","TRUE","CLEAR","PASS","PASS","Cat5","TRUE","CLEAR","PASS","PASS","Cat4","TRUE","CLEAR"
"MAIN_0460","What event held by the Ultimate Fighting Championship was the largest regulated professional MMA event?"," This paved the way for the largest regulated professional MMA event, UFC 129, which was held on April 30, 2011 at the Rogers Centre in Toronto.UFC 129: St-Pierre vs. Shields was a mixed martial arts event held by the Ultimate Fighting Championship on Saturday, April 30, 2011 at Rogers Centre in Toronto, Ontario, Canada.","UFC 129 had the most attendees.","PASS","PASS","Cat5","FALSE","CLEAR","PASS","PASS","Cat5","TRUE","CLEAR","PASS","PASS","Cat5","FALSE","CLEAR"
"MAIN_0472","Who was born first, Franco Malerba or Wubbo Ockels?","Franco Egidio Malerba (born October 10, 1946, in Busalla, Metropolitan City of Genoa, Italy) is an astronaut.Wubbo Johannes Ockels (28 March 1946 – 18 May 2014) was a Dutch physicist and an astronaut of the European Space Agency (ESA).","Franco Egidio Malerba was born earlier than Wubbo Ockels.","PASS","PASS","Cat4","FALSE","CLEAR","PASS","PASS","Cat5","FALSE","CLEAR","PASS","PASS","Cat5","FALSE","CLEAR"
"MAIN_0483","What retailer is the second-largest in the United States and has a commercial featuring the American artist who was 1st runner-up in the 2005 USA Weekend Magazine's songwriting competition?","Deanna Marie Loveland (born April 5, 1989) is an American recording artist, harpist, pianist and fashion designer. Consequently, she began songwriting and in 2005 her original song, ""Shine"" was 1st Runner-Up out of 12,000 entries in USA Weekend Magazine's national songwriting competition judged by Simon Cowell and Fantasia Barrino. A month later she signed with a talent agency, appearing in music videos and commercials for companies including Toyota and Target and films including ""A Pure Country Gift II"" and ""Country Strong"".Target Corporation is the second-largest discount store retailer in the United States, behind Walmart, and a component of the S&P 500 Index.","Walmart is the largest retailer in the United States.","PASS","PASS","Cat5","FALSE","CLEAR","PASS","PASS","Cat5","TRUE","CLEAR","PASS","PASS","Cat5","FALSE","CLEAR"
"MAIN_0501","How many season had the Seattle Seahawks had in the same year that was the 90th NFL Season?","The 2009 Seattle Seahawks season was the 34th season for the team in the National Football League.The 2009 NFL season was the 90th season in the history of the National Football League (NFL).","The 2009 Seattle Seahawks season was the team’s 34th season in the National Football League.","PASS","PASS","Cat4","TRUE","CLEAR","PASS","PASS","Cat5","TRUE","CLEAR","PASS","PASS","Cat6","TRUE","CLEAR"
"MAIN_0505","How much does a trump golf membership cost?","charity, in September 2016 an IRS director deemed Trump to have violated IRS rules and President Barack Obama publicly criticized Trump's purchase. In 2001, annual membership dues were stated to be $9,000 per member or $12,000 for a family, with an initial deposit of $250,000. Before the 2008 recession, initiation fees were $100,000 to $150,000. As of late 2015, initiation fees were down to $50,000. Around that time, many new members were reportedly not charged an initiation fee or were no longer required by the club to fully pay it within five years. Annual dues were $19,400 a year. The

of this arrangement remain unclear. In June 2017, the attorney generals of Maryland and the District of Columbia filed a separate lawsuit, claiming the president was ""flagrantly violating"" the Emoluments Clause. A 2016 investigation by ""USA Today"" found that lobbyists and corporate executives had been purchasing memberships at Trump golf courses in order to gain favor or contact with the president. Membership fees at Trump courses can exceed US$100,000, leading to ethical concerns over a sitting president accepting money from people lobbying the government. Trump has also generated controversy due to the amount of time he has spent golfing while

initiation fee for membership was reported to be US$150,000 in 2011, and the annual fee US$25,000. The senior director of instruction for Trump Golf Properties, Gary Wiren, is based out of this resort. Trump International Golf Club (West Palm Beach) Trump International Golf Club, West Palm Beach is a private 27-hole golf course in West Palm Beach, Florida. It was designed by Jim Fazio, who was given a budget of over US$40 million and was opened in 1999. This venue was Trump's first golf course property. The Championship course measures 7,326 yards, and has a par 72 layout that has

for the president to play. Trump replied to NBC 4 New York's report of the news with a widely circulated and publicized tweet—""If Obama resigns from office NOW, thereby doing a great service to the country—I will give him free lifetime golf at any one of my courses!"" In 2015, the club sued the town of Ossining to lower its worth from $13.5 million to $1.4 million in order to reduce property and school taxes; local residents complained because their own taxes would rise. In 2016, the club revised its claims to $9 million, closer to the 2014 town estimate

significant financial losses for multiple businesses. The primary business occupying the estate is the Mar-a-Lago Club, which operates as resort and hotel for dues-paying members, and rents out estate venues for private events. Membership at the Mar-a-Lago Club required a $200,000 initiation fee up until 2012 when it was lowered to $100,000. Sources close to the resort indicated the cut was in response to reduced demand following the Bernie Madoff scandal which affected many affluent Palm Beach residents. The fee was returned to $200,000 in January 2017 following the election of Donald Trump as president with $14,000 annual dues. Overnight","The initiation fee for membership at a Trump golf club was $50,000 as of late 2015.","PASS","PASS","Cat6","TRUE","CLEAR","PASS","PASS","Cat6","FALSE","CLEAR","PASS","PASS","Cat6","TRUE","CLEAR"
"MAIN_0515","How old is the female main protagonist of Catching Fire?","Catching Fire is a 2009 science fiction young adult novel by the American novelist Suzanne Collins, the second book in ""The Hunger Games trilogy"". It is written in the voice of 16-year-old Katniss Everdeen, who lives in the future, post-apocalyptic nation of Panem in North America.","Katniss Everdeen is 16 years old.","PASS","PASS","Cat4","TRUE","CLEAR","PASS","PASS","Cat4","TRUE","CLEAR","PASS","PASS","Cat6","TRUE","CLEAR"
"MAIN_0527","How much does it cost to raise the costa concordia?","be completed by early-to-mid-2014. After this ""floating"" operation, the ship would be towed to a salvage yard on the Italian mainland for scrapping or ""breaking"". On 14 July 2014, work commenced to refloat ""Costa Concordia"" in preparation for towing. At this point, the costs had risen to €1 billion. Including tow cost, €100 million for the ship to be broken up for scrap and the cost of repairing damage to Giglio island, the estimated final cost was expected to be €1.5 billion ($2 billion). On 23 July, having been refloated, the ship commenced its final journey under tow at a

in the early hours of 17 September 2013, shortly before 3 a.m. CET. the salvage operation had cost over €600 million ($800 million). The final cost of the salvage came to be $1.2 billion. Following the conclusion of the righting operation, the ship was kept on a platform while further inspections were made and the starboard sponsons attached. On 10 October 2013 a $30 million option was taken with Dockwise for the use of the world's largest semi-submersible heavy lift vessel, ""Dockwise Vanguard"", to transport ""Costa Concordia"", as an alternative to conventional towing; but the Concordia was instead refloated and

her breaking up or sinking deeper. Removal of the fuel from the various fuel tanks distributed throughout the ship was completed in March 2012, later than Smit's initial estimates. This cleared the way to arrange for the ultimate salvaging and scrapping of the ship. On 17 September 2013, ""Costa Concordia"" was brought to a vertical position through a parbuckling procedure. The cost for salvaging the ship increased to $799 million. In addition, the ship had suffered severe hull deformations in two places. Titan Salvage, the company directing the salvage operations, estimated that the next phase of the salvage operation would

solutions, had been awarded the contract to refloat and tow ""Costa Concordia"" to a port on the Italian mainland. The salvage operation, using the port of Civitavecchia as its base was anticipated to begin in early May, take about 12 months and cost $300 million. Once in port, the ship would be dismantled and the materials sold as scrap. South African freelance Nick Sloane was appointed as ""salvage master"" to lead the operation. It was announced on 21 April 2012 that the American salvaging firm Titan Salvage and Italian underwater construction firm Micoperi would attempt to refloat and remove the

Sestri Ponente yard in Genoa, as yard number 6122. At the vessel's launch at Sestri Ponente on 2 September 2005, the champagne bottle, released by model Eva Herzigová, failed to break when swung against the hull the first time, an inauspicious omen in maritime superstition. The ship was delivered to Costa on 30 June 2006. It cost €450 million (£372 million, ) to build. ""Costa Concordia"" was long, had a beam of and drew of water. She had a Diesel-electric power plant consisting of six 12-cylinder Wärtsilä 12V46C four-stroke medium-speed Diesel generating sets with a combined output of . These","The initial estimated cost was $300 Million USD, but ended up costing $1.2 Billion USD.","PASS","PASS","Cat6","TRUE","CLEAR","PASS","PASS","Cat6","FALSE","CLEAR","PASS","PASS","Cat6","TRUE","CLEAR"
"MAIN_0529","Sky living nashville season 6 how many episodes?","Nashville (season 6) The sixth and final season of the American television musical drama series ""Nashville"", created by Callie Khouri, premiered on January 4, 2018, on CMT. The season consisted of 16 episodes. As with seasons three through five, the episodes are named after songs from a variety of country artists, including Miranda Lambert (""New Strings""), George Jones (""Sometimes You Just Can't Win""), Tanya Tucker (""Two Sparrows in a Hurricane""), and Hank Williams (""Beyond the Sunset""). In April 2017, it was announced that the series had been renewed for a sixth season, with a 16-episode order. In an interview following

""Nashville"" for a 16-episode sixth season that debuted on January 4, 2018. Filming began on September 27, 2017. On November 17, 2017, it was announced that the sixth season would be the show's final season, as CMT moved to all unscripted programming. The 124th and final episode aired on July 26, 2018. In the first episode, the series focuses on the rivalry of Rayna Jaymes and Juliette Barnes. Rayna Jaymes is the established ""Queen of Country Music"". However, her latest album is not selling well and her tour is playing to half empty venues. Her record label suggests that she

the initial airing on CMT. TVLand discontinued reruns of the series after episode five, but returned for the second half of the season. The season, like season five, was aired in two parts with the final eight episodes airing in the summer. The final eight episodes returned on June 7 and the season wrapped on July 26, 2018. The season wrap party was held on April 7, 2018. Filming wrapped on the finale three days later. The series received $5.7million in tax incentives from the state of Tennessee, the lowest of all seasons. <onlyinclude></onlyinclude> Nashville (season 6) The sixth and","Season 6 of the American musical soap opera television series Nashville has 8 episodes in each part.","PASS","PASS","Cat6","TRUE","CLEAR","PASS","PASS","Cat6","FALSE","CLEAR","PASS","PASS","Cat6","TRUE","CLEAR"
"MAIN_0539","How many times has the titular character of LBJ, an upcoming American Political dram film directed by Rob Reiner, been nominated for the Academy Award?","LBJ is an upcoming American political drama film directed by Rob Reiner and written by Joey Hartstone, whose script was on the 2014 Black List. The film stars Woody Harrelson as the titular President, along with Richard Jenkins, Bill Pullman, Kim Allen, Michael Stahl-David, Jennifer Jason Leigh, Jeffrey Donovan, Doug McKeon, C. Thomas Howell, and Michael Mosley.Woodrow Tracy ""Woody"" Harrelson (born July 23, 1961) is an American actor, activist, and playwright. He is a two-time Academy Award nominee and has won one Emmy Award out of seven nominations.","Woody Harrelson has been nominated for the Academy Award twice.","PASS","PASS","Cat6","TRUE","CLEAR","PASS","PASS","Cat6","FALSE","CLEAR","PASS","PASS","Cat6","TRUE","CLEAR"
"MAIN_0572","An edited version of ""Just the Two of Us"" reached number two on the ""Billboard"" Hot 100 behind a song written and composed by Donna Weiss and Jackie DeShannon which spend how many weeks at No. 1 on the ""Billboard"" hot 100?","""Just the Two of Us"" is a 1981 R&B single written by Bill Withers, William Salter and Ralph MacDonald, which was recorded by Grover Washington Jr. and Bill Withers. An edited version reached number two on the ""Billboard"" Hot 100, staying there for 3 weeks, behind ""Morning Train (9 to 5)"" by Sheena Easton and ""Bette Davis Eyes"" by Kim Carnes.""Bette Davis Eyes"" is a song written and composed by Donna Weiss and Jackie DeShannon, and made popular by American singer Kim Carnes. DeShannon recorded it in 1974; Carnes's 1981 version spent nine weeks at No. 1 on the ""Billboard"" Hot 100 and was ""Billboard""' s biggest hit of 1981.","""Bette Davis Eyes"" spent five weeks at No. 1 on the Billboard Hot 100.","PASS","FAIL","Cat4","FALSE","CLEAR","PASS","FAIL","Cat6","FALSE","CLEAR","PASS","FAIL","Cat6","FALSE","CLEAR"
"MAIN_0587","Danny Williams is best known for scoring an upset knockout victory against what former professional boxer who won his first 19 professional fights by knockout?","Daniel Peter ""Danny"" Williams (born 13 July 1973) is a British professional boxer. Williams is best known for scoring an upset knockout victory against Mike Tyson in 2004, which earned him a mandatory WBC heavyweight title opportunity.Michael Gerard Tyson ( ; born June 30, 1966) is an American former professional boxer who competed from 1985 to 2005. Tyson won his first 19 professional fights by knockout, 12 of them in the first round.","Mike Tyson won his first 18 professional fights by knockout.","PASS","PASS","Cat6","TRUE","CLEAR","PASS","PASS","Cat6","FALSE","CLEAR","PASS","PASS","Cat6","FALSE","CLEAR"
"MAIN_0591","Most points by nhl player in one game?","the Boston Bruins send superstar center Phil Esposito and star defenceman Carol Vadnais to the New York Rangers for star center Jean Ratelle and superstar defenceman Brad Park. Both Ratelle and Park would excel for the Bruins for years to come, while Esposito's days as the preeminent scorer in the NHL were behind him. On February 7, 1976, Darryl Sittler set an NHL record that still stands for most points scored in one game. He recorded ten points (six goals, four assists) against the Boston Bruins. ""Note: GP = Games played, W = Wins, L = Losses, T = Ties,

39th National Hockey League All-Star Game The 39th National Hockey League All-Star Game was held in the St. Louis Arena in St. Louis, home to the St. Louis Blues, on February 9, 1988. Pittsburgh Penguins' centremen Mario Lemieux recorded six points (3–3–6) and scored the game-winner in overtime to lead the Wales Conference to a thrilling 6–5 victory. Lemieux's six points broke the previous record for most points in an All-Star Game, which was previously held by six players (four points). Montreal Canadiens' leftwinger Mats Naslund earned an assist on all three of Lemieux's goals and added two more to

in Darryl Sittler's NHL record setting game when Boston played the Toronto Maple Leafs. This was the night that Daryl Sittler set an NHL record for most points scored in one game when he recorded ten points (six goals, four assists). Nowak claims that despite the 11-4 loss that night he was still +3! Nowak retired from competitive hockey in 1980. He went on to work for the TTC. He is currently retired from the Toronto Transit Commission. Hank Nowak was playing occasionally in the ASHL for the 'Toronto Blue Hogs.' He plays occasionally in tournaments with some Blue hog

point, Red Army threatened to forfeit the game after Ed Van Impe decked Valeri Kharlamov. Red Army was persuaded to complete the game after Alan Eagleson threatened to withhold their appearance fee if the team did not return to the ice. Super Series games continued until 1991, when Soviet players were allowed to enter the NHL after the collapse of the Soviet Union. On February 7, 1976, Maple Leafs star Darryl Sittler set an NHL record, scoring 10 points in one game in an 11–4 victory over the Bruins. His six-goal, four-assist effort broke Maurice Richard's record of eight points

following the season. It was the first of 14 consecutive years he was named a league all-star. The 1944–45 NHL season was a record-setting one for Richard. He first set a new mark for points in one game when he made five goals and three assists in a 9–1 victory over the Detroit Red Wings on December 28, 1944; his eight points broke the previous record of seven held by three players, and stood for 32 years until surpassed in 1976 by Darryl Sittler. Richard achieved the feat despite arriving for the game exhausted from moving into his new home","The NHL record for most points by one player in a single game is 12 points.","PASS","PASS","Cat5","FALSE","CLEAR","PASS","PASS","Cat6","FALSE","CLEAR","PASS","PASS","Cat6","FALSE","CLEAR"
"MAIN_0635","Who did we fight against in world war 2?","set up and it continued to be one of the Allies, a model followed by other occupied countries. After a quiet winter, Germany in April 1940 invaded and quickly defeated Denmark, Norway, Belgium, the Netherlands and France. Britain and its Empire stood alone against Hitler and Mussolini. In June 1941, Hitler broke the non-aggression agreement with Stalin and Germany invaded the Soviet Union. In December, Japan attacked the US and Britain. The main lines of World War II had formed. During December 1941, U.S. President Franklin D. Roosevelt devised the name ""United Nations"" for the Allies and proposed it to

were as follows: the Albanian National Liberation Front, the Chinese Red Army, the Greek National Liberation Front, the Hukbalahap, the Malayan Communist Party, the People's Republic of Mongolia, the Polish People's Army, the Tuvan People's Republic (annexed by the Soviet Union in 1944), the Viet Minh and the Yugoslav Partisans. The United States had indirectly supported Britain's war effort against Germany up to 1941 and declared its opposition to territorial aggrandizement. Materiel support to Britain was provided while the U.S. was officially neutral via the Lend-Lease Act starting in 1941. President Franklin D. Roosevelt and Prime Minister Winston Churchill in

Germany, led by Adolf Hitler, was the primary Axis Power in the European Theatre. German forces instigated the war in September 1939 by invading Poland. Poland was divided with the Soviet Union. The Phony War ensued and in the spring of 1940 German forces invaded and conquered Denmark, Norway, France, Belgium, Luxembourg and the Netherlands. Attempts to subdue the United Kingdom by air in the summer of 1940 failed and a planned invasion was called off. In the summer of 1941 Germany turned its forces east by invading the Soviet Union. The Eastern Front became the main theatre of war

Inside Fighting Russia Inside Fighting Russia (aka Our Russian Ally) is a 1942 22-minute Canadian short documentary film produced by the National Film Board of Canada (NFB) for distribution by United Artists, as part of the wartime ""The World in Action"" series. The film documents Russia's fight against Nazi Germany during the Second World War. ""Inside Fighting Russia"" is produced by Stuart Legg, and narrated by Lorne Greene. The film's French version title is ""La Russie sous les armes"". In 1942, during the Second World War, the Union of Soviet Socialist Republics, led by Joseph Stalin faced a formidable foe

Military history of the United States during World War II The military history of the United States in World War II covers the war against Germany, Italy, and Japan, starting with the 7 December 1941 attack on Pearl Harbor. During the first two years of World War II, the United States had maintained formal neutrality as made official in the Quarantine Speech delivered by U.S. President Franklin D. Roosevelt in 1937, while supplying Britain, the Soviet Union, and China with war materiel through the Lend-Lease Act which was signed into law on 11 March 1941, as well as deploying the","The Tripartite Pact countries that the United States fought against in World War II were Germany, Italy, and Japan.","PASS","PASS","Cat7","FALSE","CLEAR","PASS","PASS","Cat7","TRUE","CLEAR","PASS","PASS","Cat7","FALSE","CLEAR"
"MAIN_0683","What is the triangular shaped area at each end of the greek temple called?","supported the roof. The upper band of the entablature is called the ""cornice"", which is generally ornately decorated on its lower edge. The cornice retains the shape of the beams that would once have supported the wooden roof at each end of the building. At the front and rear of each temple, the entablature supports a triangular structure called the ""pediment"". The triangular space framed by the cornices is the location of the most significant sculptural decoration on the exterior of the building. Every temple rested on a masonry base called the crepidoma, generally of three steps, of which the

time to resolve. A triglyph is centered above every column, with another (or sometimes two) between columns, though the Greeks felt that the corner triglyph should form the corner of the entablature, creating an inharmonious mismatch with the supporting column. The architecture followed rules of harmony. Since the original design probably came from wooden temples and the triglyphs were real heads of wooden beams, every column had to bear a beam which lay across the centre of the column. Triglyphs were arranged regularly; the last triglyph was centred upon the last column (""illustration, right: I.""). This was regarded as the

temple is the most common and best-known form of Greek public architecture. This rectilinear structure borrows from the Late Helladic, Mycenaean Megaron, which contained a central throne room, vestibule, and porch. The temple did not serve the same function as a modern church, since the altar stood under the open sky in the temenos or sacred precinct, often directly before the temple. Temples served as the location of a cult image and as a storage place or strong room for the treasury associated with the cult of the god in question, and as a place for devotees of the god

columns in front of its whole breadth, the temple is described as a ""prostylos"" or ""prostyle temple"". The whole ""pronaos"" may be omitted in this case or just leave the ""antae"" without columns. An ""amphiprostylos"" or ""amphiprostyle"" repeats the same column setting at the back. In contrast, the term ""peripteros"" or peripteral designates a temple surrounded by ""ptera"" (colonnades) on all four sides, each usually formed by a single row of columns. This produces an unobstructed surrounding portico, the ""peristasis"", on all four sides of the temple. A Hellenistic and Roman form of this shape is the ""pseudoperipteros"", where the

The pedimental triangle or ""tympanon"" on the narrow sides of the temple was created by the Doric introduction of the gabled roof, earlier temples often had hipped roofs. The ""tympanon"" was usually richly decorated with sculptures of mythical scenes or battles. The corners and ridges of the roof were decorated with ""acroteria"", originally geometric, later floral or figural decorations. As far as topographically possible, the temples were freestanding and designed to be viewed from all sides. They were not normally designed with consideration for their surroundings, but formed autonomous structures. This is a major difference from Roman temples which were","The triangular structure called the pediment and the pedimental triangle called the ""tympanon"" are different architectural features.","PASS","PASS","Cat7","FALSE","CLEAR","PASS","PASS","Cat7","TRUE","CLEAR","PASS","PASS","Cat7","FALSE","CLEAR"
